method,sample,measure,value
SoftPullback,0,gini,0.4178307056427002
SoftPullback,1,gini,0.4596406817436218
SoftPullback,2,gini,0.3894731104373932
SoftPullback,3,gini,0.5115759968757629
SoftPullback,4,gini,0.398266077041626
SoftPullback,5,gini,0.44087865948677063
SoftPullback,6,gini,0.41010960936546326
SoftPullback,7,gini,0.49622324109077454
SoftPullback,8,gini,0.4414631128311157
SoftPullback,9,gini,0.48973754048347473
SoftPullback,10,gini,0.43624886870384216
SoftPullback,11,gini,0.4203341603279114
SoftPullback,12,gini,0.44039633870124817
SoftPullback,13,gini,0.6622675061225891
SoftPullback,14,gini,0.4559992253780365
SoftPullback,15,gini,0.6009911298751831
SoftPullback,16,gini,0.45852771401405334
SoftPullback,17,gini,0.4806176722049713
SoftPullback,18,gini,0.45502153038978577
SoftPullback,19,gini,0.46460849046707153
SoftPullback,20,gini,0.4528258442878723
SoftPullback,21,gini,0.48851945996284485
SoftPullback,22,gini,0.455901175737381
SoftPullback,23,gini,0.5108867287635803
SoftPullback,24,gini,0.47582462430000305
SoftPullback,25,gini,0.4476736783981323
SoftPullback,26,gini,0.40719932317733765
SoftPullback,27,gini,0.40181973576545715
SoftPullback,28,gini,0.4185948669910431
SoftPullback,29,gini,0.42618802189826965
SoftPullback,30,gini,0.421874076128006
SoftPullback,31,gini,0.40475043654441833
SoftPullback,32,gini,0.4124460518360138
SoftPullback,33,gini,0.47929611802101135
SoftPullback,34,gini,0.37933769822120667
SoftPullback,35,gini,0.39746493101119995
SoftPullback,36,gini,0.4259139895439148
SoftPullback,37,gini,0.4401091933250427
SoftPullback,38,gini,0.41300714015960693
SoftPullback,39,gini,0.5465368032455444
SoftPullback,40,gini,0.4091145694255829
SoftPullback,41,gini,0.39412757754325867
SoftPullback,42,gini,0.39084067940711975
SoftPullback,43,gini,0.48578253388404846
SoftPullback,44,gini,0.4557652473449707
SoftPullback,45,gini,0.48060235381126404
SoftPullback,46,gini,0.40247827768325806
SoftPullback,47,gini,0.4256828725337982
SoftPullback,48,gini,0.5195397734642029
SoftPullback,49,gini,0.4242876470088959
SoftPullback,50,gini,0.4913986325263977
SoftPullback,51,gini,0.4650585353374481
SoftPullback,52,gini,0.4185919165611267
SoftPullback,53,gini,0.524912416934967
SoftPullback,54,gini,0.4673348665237427
SoftPullback,55,gini,0.5676610469818115
SoftPullback,56,gini,0.4496365785598755
SoftPullback,57,gini,0.45141682028770447
SoftPullback,58,gini,0.5413010120391846
SoftPullback,59,gini,0.456757128238678
SoftPullback,60,gini,0.3992658853530884
SoftPullback,61,gini,0.4360435903072357
SoftPullback,62,gini,0.47140252590179443
SoftPullback,63,gini,0.479419469833374
SoftPullback,0,spatial_entropy,0.9721881151199341
SoftPullback,1,spatial_entropy,0.9663997292518616
SoftPullback,2,spatial_entropy,0.9765794277191162
SoftPullback,3,spatial_entropy,0.9577094316482544
SoftPullback,4,spatial_entropy,0.9752190113067627
SoftPullback,5,spatial_entropy,0.9695760011672974
SoftPullback,6,spatial_entropy,0.9734508991241455
SoftPullback,7,spatial_entropy,0.9594120979309082
SoftPullback,8,spatial_entropy,0.9687241315841675
SoftPullback,9,spatial_entropy,0.9607620239257812
SoftPullback,10,spatial_entropy,0.9697343111038208
SoftPullback,11,spatial_entropy,0.9719746708869934
SoftPullback,12,spatial_entropy,0.968028724193573
SoftPullback,13,spatial_entropy,0.9239695072174072
SoftPullback,14,spatial_entropy,0.9659596085548401
SoftPullback,15,spatial_entropy,0.9357352256774902
SoftPullback,16,spatial_entropy,0.9668028950691223
SoftPullback,17,spatial_entropy,0.9625895619392395
SoftPullback,18,spatial_entropy,0.9663106203079224
SoftPullback,19,spatial_entropy,0.9660887718200684
SoftPullback,20,spatial_entropy,0.9667612314224243
SoftPullback,21,spatial_entropy,0.9608756899833679
SoftPullback,22,spatial_entropy,0.9655630588531494
SoftPullback,23,spatial_entropy,0.9558354020118713
SoftPullback,24,spatial_entropy,0.9631506204605103
SoftPullback,25,spatial_entropy,0.9664311408996582
SoftPullback,26,spatial_entropy,0.9738256335258484
SoftPullback,27,spatial_entropy,0.9745491743087769
SoftPullback,28,spatial_entropy,0.9726700782775879
SoftPullback,29,spatial_entropy,0.9718170762062073
SoftPullback,30,spatial_entropy,0.9715421795845032
SoftPullback,31,spatial_entropy,0.9743404984474182
SoftPullback,32,spatial_entropy,0.9735114574432373
SoftPullback,33,spatial_entropy,0.9547554850578308
SoftPullback,34,spatial_entropy,0.9776261448860168
SoftPullback,35,spatial_entropy,0.9752624034881592
SoftPullback,36,spatial_entropy,0.9714468121528625
SoftPullback,37,spatial_entropy,0.9698469638824463
SoftPullback,38,spatial_entropy,0.9731645584106445
SoftPullback,39,spatial_entropy,0.9507730007171631
SoftPullback,40,spatial_entropy,0.9731718897819519
SoftPullback,41,spatial_entropy,0.9753316640853882
SoftPullback,42,spatial_entropy,0.9757607579231262
SoftPullback,43,spatial_entropy,0.9588983058929443
SoftPullback,44,spatial_entropy,0.9669272899627686
SoftPullback,45,spatial_entropy,0.9630295634269714
SoftPullback,46,spatial_entropy,0.9747276306152344
SoftPullback,47,spatial_entropy,0.9714875221252441
SoftPullback,48,spatial_entropy,0.9556926488876343
SoftPullback,49,spatial_entropy,0.9710893630981445
SoftPullback,50,spatial_entropy,0.9606846570968628
SoftPullback,51,spatial_entropy,0.9655663967132568
SoftPullback,52,spatial_entropy,0.9720371961593628
SoftPullback,53,spatial_entropy,0.9548645615577698
SoftPullback,54,spatial_entropy,0.9647290706634521
SoftPullback,55,spatial_entropy,0.9444959759712219
SoftPullback,56,spatial_entropy,0.9674789309501648
SoftPullback,57,spatial_entropy,0.9675285816192627
SoftPullback,58,spatial_entropy,0.9501727223396301
SoftPullback,59,spatial_entropy,0.9667439460754395
SoftPullback,60,spatial_entropy,0.9747956395149231
SoftPullback,61,spatial_entropy,0.9700566530227661
SoftPullback,62,spatial_entropy,0.9639283418655396
SoftPullback,63,spatial_entropy,0.9614503383636475
SoftPullback,0,effective_support,0.7400657534599304
SoftPullback,1,effective_support,0.6951237916946411
SoftPullback,2,effective_support,0.7760892510414124
SoftPullback,3,effective_support,0.632722795009613
SoftPullback,4,effective_support,0.7647458910942078
SoftPullback,5,effective_support,0.7194356918334961
SoftPullback,6,effective_support,0.7502501606941223
SoftPullback,7,effective_support,0.6444908976554871
SoftPullback,8,effective_support,0.7128333449363708
SoftPullback,9,effective_support,0.6539762020111084
SoftPullback,10,effective_support,0.7206698656082153
SoftPullback,11,effective_support,0.7383579611778259
SoftPullback,12,effective_support,0.7074882984161377
SoftPullback,13,effective_support,0.4391562044620514
SoftPullback,14,effective_support,0.691820502281189
SoftPullback,15,effective_support,0.4987967014312744
SoftPullback,16,effective_support,0.6981635689735413
SoftPullback,17,effective_support,0.6670407652854919
SoftPullback,18,effective_support,0.6944537162780762
SoftPullback,19,effective_support,0.6927879452705383
SoftPullback,20,effective_support,0.6978488564491272
SoftPullback,21,effective_support,0.6547811627388
SoftPullback,22,effective_support,0.6888574957847595
SoftPullback,23,effective_support,0.6200183629989624
SoftPullback,24,effective_support,0.6711035966873169
SoftPullback,25,effective_support,0.695360004901886
SoftPullback,26,effective_support,0.7532994151115417
SoftPullback,27,effective_support,0.7592213749885559
SoftPullback,28,effective_support,0.7439361810684204
SoftPullback,29,effective_support,0.7370997667312622
SoftPullback,30,effective_support,0.7349098920822144
SoftPullback,31,effective_support,0.7575088739395142
SoftPullback,32,effective_support,0.7507422566413879
SoftPullback,33,effective_support,0.6128134727478027
SoftPullback,34,effective_support,0.784931480884552
SoftPullback,35,effective_support,0.7651048898696899
SoftPullback,36,effective_support,0.7341519594192505
SoftPullback,37,effective_support,0.7215489149093628
SoftPullback,38,effective_support,0.7479286789894104
SoftPullback,39,effective_support,0.5869602560997009
SoftPullback,40,effective_support,0.7479880452156067
SoftPullback,41,effective_support,0.7656786441802979
SoftPullback,42,effective_support,0.769243061542511
SoftPullback,43,effective_support,0.640916645526886
SoftPullback,44,effective_support,0.6991043090820312
SoftPullback,45,effective_support,0.6702248454093933
SoftPullback,46,effective_support,0.7606892585754395
SoftPullback,47,effective_support,0.7344751954078674
SoftPullback,48,effective_support,0.6190608739852905
SoftPullback,49,effective_support,0.7313169240951538
SoftPullback,50,effective_support,0.6534291505813599
SoftPullback,51,effective_support,0.6888821125030518
SoftPullback,52,effective_support,0.7388578653335571
SoftPullback,53,effective_support,0.6135374307632446
SoftPullback,54,effective_support,0.6826674938201904
SoftPullback,55,effective_support,0.5484077334403992
SoftPullback,56,effective_support,0.7032908201217651
SoftPullback,57,effective_support,0.7036688923835754
SoftPullback,58,effective_support,0.583159327507019
SoftPullback,59,effective_support,0.6977183222770691
SoftPullback,60,effective_support,0.7612496018409729
SoftPullback,61,effective_support,0.7231882214546204
SoftPullback,62,effective_support,0.6767764687538147
SoftPullback,63,effective_support,0.6588664054870605
SoftPullback,0,top1pct_mass,0.05921614170074463
SoftPullback,1,top1pct_mass,0.06386014074087143
SoftPullback,2,top1pct_mass,0.048390135169029236
SoftPullback,3,top1pct_mass,0.07216549664735794
SoftPullback,4,top1pct_mass,0.0522293746471405
SoftPullback,5,top1pct_mass,0.05697561800479889
SoftPullback,6,top1pct_mass,0.05554063990712166
SoftPullback,7,top1pct_mass,0.07730046659708023
SoftPullback,8,top1pct_mass,0.06433627009391785
SoftPullback,9,top1pct_mass,0.07642780244350433
SoftPullback,10,top1pct_mass,0.06041174381971359
SoftPullback,11,top1pct_mass,0.05813028663396835
SoftPullback,12,top1pct_mass,0.07044623047113419
SoftPullback,13,top1pct_mass,0.11177283525466919
SoftPullback,14,top1pct_mass,0.07196283340454102
SoftPullback,15,top1pct_mass,0.11832773685455322
SoftPullback,16,top1pct_mass,0.061978455632925034
SoftPullback,17,top1pct_mass,0.07187467068433762
SoftPullback,18,top1pct_mass,0.06910865753889084
SoftPullback,19,top1pct_mass,0.057750601321458817
SoftPullback,20,top1pct_mass,0.06710471957921982
SoftPullback,21,top1pct_mass,0.07522516697645187
SoftPullback,22,top1pct_mass,0.07355744391679764
SoftPullback,23,top1pct_mass,0.08737172186374664
SoftPullback,24,top1pct_mass,0.07195153087377548
SoftPullback,25,top1pct_mass,0.07639813423156738
SoftPullback,26,top1pct_mass,0.055781543254852295
SoftPullback,27,top1pct_mass,0.054920196533203125
SoftPullback,28,top1pct_mass,0.05392974242568016
SoftPullback,29,top1pct_mass,0.05190807580947876
SoftPullback,30,top1pct_mass,0.06023193150758743
SoftPullback,31,top1pct_mass,0.05370905250310898
SoftPullback,32,top1pct_mass,0.052848346531391144
SoftPullback,33,top1pct_mass,0.12186796963214874
SoftPullback,34,top1pct_mass,0.04950140789151192
SoftPullback,35,top1pct_mass,0.05280661955475807
SoftPullback,36,top1pct_mass,0.05664903298020363
SoftPullback,37,top1pct_mass,0.05563628673553467
SoftPullback,38,top1pct_mass,0.05525237321853638
SoftPullback,39,top1pct_mass,0.0841222032904625
SoftPullback,40,top1pct_mass,0.060242779552936554
SoftPullback,41,top1pct_mass,0.05582056939601898
SoftPullback,42,top1pct_mass,0.05475929006934166
SoftPullback,43,top1pct_mass,0.08991043269634247
SoftPullback,44,top1pct_mass,0.06315066665410995
SoftPullback,45,top1pct_mass,0.06802088767290115
SoftPullback,46,top1pct_mass,0.05226461589336395
SoftPullback,47,top1pct_mass,0.05703924223780632
SoftPullback,48,top1pct_mass,0.08163447678089142
SoftPullback,49,top1pct_mass,0.06229657307267189
SoftPullback,50,top1pct_mass,0.07405156642198563
SoftPullback,51,top1pct_mass,0.06484274566173553
SoftPullback,52,top1pct_mass,0.05978779122233391
SoftPullback,53,top1pct_mass,0.07958284765481949
SoftPullback,54,top1pct_mass,0.06836158037185669
SoftPullback,55,top1pct_mass,0.09870465844869614
SoftPullback,56,top1pct_mass,0.06563033908605576
SoftPullback,57,top1pct_mass,0.06270942836999893
SoftPullback,58,top1pct_mass,0.09236269444227219
SoftPullback,59,top1pct_mass,0.06395577639341354
SoftPullback,60,top1pct_mass,0.05524037033319473
SoftPullback,61,top1pct_mass,0.057907260954380035
SoftPullback,62,top1pct_mass,0.07098408788442612
SoftPullback,63,top1pct_mass,0.07896190881729126
SoftPullback,0,top5pct_mass,0.18948140740394592
SoftPullback,1,top5pct_mass,0.20499089360237122
SoftPullback,2,top5pct_mass,0.167937234044075
SoftPullback,3,top5pct_mass,0.23424586653709412
SoftPullback,4,top5pct_mass,0.1758182793855667
SoftPullback,5,top5pct_mass,0.19222572445869446
SoftPullback,6,top5pct_mass,0.18505024909973145
SoftPullback,7,top5pct_mass,0.2386293113231659
SoftPullback,8,top5pct_mass,0.20120549201965332
SoftPullback,9,top5pct_mass,0.2296123057603836
SoftPullback,10,top5pct_mass,0.19763359427452087
SoftPullback,11,top5pct_mass,0.19011782109737396
SoftPullback,12,top5pct_mass,0.21254391968250275
SoftPullback,13,top5pct_mass,0.33095163106918335
SoftPullback,14,top5pct_mass,0.21530239284038544
SoftPullback,15,top5pct_mass,0.3214462697505951
SoftPullback,16,top5pct_mass,0.2013034075498581
SoftPullback,17,top5pct_mass,0.22021476924419403
SoftPullback,18,top5pct_mass,0.21301615238189697
SoftPullback,19,top5pct_mass,0.19634515047073364
SoftPullback,20,top5pct_mass,0.21284396946430206
SoftPullback,21,top5pct_mass,0.23158179223537445
SoftPullback,22,top5pct_mass,0.22017213702201843
SoftPullback,23,top5pct_mass,0.2553982734680176
SoftPullback,24,top5pct_mass,0.2223130464553833
SoftPullback,25,top5pct_mass,0.2184474766254425
SoftPullback,26,top5pct_mass,0.18231061100959778
SoftPullback,27,top5pct_mass,0.178966224193573
SoftPullback,28,top5pct_mass,0.17923422157764435
SoftPullback,29,top5pct_mass,0.18065737187862396
SoftPullback,30,top5pct_mass,0.1946326345205307
SoftPullback,31,top5pct_mass,0.1800391525030136
SoftPullback,32,top5pct_mass,0.1796615719795227
SoftPullback,33,top5pct_mass,0.26028212904930115
SoftPullback,34,top5pct_mass,0.16597796976566315
SoftPullback,35,top5pct_mass,0.176543191075325
SoftPullback,36,top5pct_mass,0.19044141471385956
SoftPullback,37,top5pct_mass,0.18959951400756836
SoftPullback,38,top5pct_mass,0.18535061180591583
SoftPullback,39,top5pct_mass,0.2583886682987213
SoftPullback,40,top5pct_mass,0.1874551922082901
SoftPullback,41,top5pct_mass,0.17638155817985535
SoftPullback,42,top5pct_mass,0.17669200897216797
SoftPullback,43,top5pct_mass,0.2537943720817566
SoftPullback,44,top5pct_mass,0.20594225823879242
SoftPullback,45,top5pct_mass,0.21647508442401886
SoftPullback,46,top5pct_mass,0.17505675554275513
SoftPullback,47,top5pct_mass,0.18879544734954834
SoftPullback,48,top5pct_mass,0.24171143770217896
SoftPullback,49,top5pct_mass,0.1940787136554718
SoftPullback,50,top5pct_mass,0.22902776300907135
SoftPullback,51,top5pct_mass,0.20796462893486023
SoftPullback,52,top5pct_mass,0.1923215687274933
SoftPullback,53,top5pct_mass,0.2453228086233139
SoftPullback,54,top5pct_mass,0.21712598204612732
SoftPullback,55,top5pct_mass,0.2925225496292114
SoftPullback,56,top5pct_mass,0.2076583355665207
SoftPullback,57,top5pct_mass,0.20405438542366028
SoftPullback,58,top5pct_mass,0.27399957180023193
SoftPullback,59,top5pct_mass,0.2063264548778534
SoftPullback,60,top5pct_mass,0.17886006832122803
SoftPullback,61,top5pct_mass,0.19411298632621765
SoftPullback,62,top5pct_mass,0.2173473984003067
SoftPullback,63,top5pct_mass,0.23936937749385834
SoftPullback,0,total_variation,0.5661734342575073
SoftPullback,1,total_variation,0.5771285891532898
SoftPullback,2,total_variation,0.5765305757522583
SoftPullback,3,total_variation,0.543700098991394
SoftPullback,4,total_variation,0.5588701963424683
SoftPullback,5,total_variation,0.5350931882858276
SoftPullback,6,total_variation,0.5772814750671387
SoftPullback,7,total_variation,0.5003775954246521
SoftPullback,8,total_variation,0.49660661816596985
SoftPullback,9,total_variation,0.5021549463272095
SoftPullback,10,total_variation,0.5265319347381592
SoftPullback,11,total_variation,0.5899215936660767
SoftPullback,12,total_variation,0.5232843160629272
SoftPullback,13,total_variation,0.5310031175613403
SoftPullback,14,total_variation,0.5483423471450806
SoftPullback,15,total_variation,0.5572233200073242
SoftPullback,16,total_variation,0.5269502401351929
SoftPullback,17,total_variation,0.5525837540626526
SoftPullback,18,total_variation,0.4983132779598236
SoftPullback,19,total_variation,0.5142792463302612
SoftPullback,20,total_variation,0.5712200403213501
SoftPullback,21,total_variation,0.616439938545227
SoftPullback,22,total_variation,0.5028347969055176
SoftPullback,23,total_variation,0.5100518465042114
SoftPullback,24,total_variation,0.5518945455551147
SoftPullback,25,total_variation,0.5366922616958618
SoftPullback,26,total_variation,0.5429157018661499
SoftPullback,27,total_variation,0.5465478897094727
SoftPullback,28,total_variation,0.4617065191268921
SoftPullback,29,total_variation,0.5161314606666565
SoftPullback,30,total_variation,0.5116355419158936
SoftPullback,31,total_variation,0.5049872398376465
SoftPullback,32,total_variation,0.5492120981216431
SoftPullback,33,total_variation,0.4749659597873688
SoftPullback,34,total_variation,0.5286157727241516
SoftPullback,35,total_variation,0.5784759521484375
SoftPullback,36,total_variation,0.5666110515594482
SoftPullback,37,total_variation,0.4791349172592163
SoftPullback,38,total_variation,0.559890627861023
SoftPullback,39,total_variation,0.5409194231033325
SoftPullback,40,total_variation,0.5054728984832764
SoftPullback,41,total_variation,0.5178818702697754
SoftPullback,42,total_variation,0.5695217847824097
SoftPullback,43,total_variation,0.5416200757026672
SoftPullback,44,total_variation,0.5575693845748901
SoftPullback,45,total_variation,0.5136770606040955
SoftPullback,46,total_variation,0.5054795145988464
SoftPullback,47,total_variation,0.48061713576316833
SoftPullback,48,total_variation,0.5564913749694824
SoftPullback,49,total_variation,0.5239698886871338
SoftPullback,50,total_variation,0.5564842224121094
SoftPullback,51,total_variation,0.5302485227584839
SoftPullback,52,total_variation,0.5700770020484924
SoftPullback,53,total_variation,0.5559821128845215
SoftPullback,54,total_variation,0.5473240613937378
SoftPullback,55,total_variation,0.5500484704971313
SoftPullback,56,total_variation,0.5332127809524536
SoftPullback,57,total_variation,0.5111534595489502
SoftPullback,58,total_variation,0.5493423938751221
SoftPullback,59,total_variation,0.578700065612793
SoftPullback,60,total_variation,0.547565221786499
SoftPullback,61,total_variation,0.46895259618759155
SoftPullback,62,total_variation,0.5210102796554565
SoftPullback,63,total_variation,0.5721210241317749
SoftPullback,0,channel_cancellation,0.18753093481063843
SoftPullback,1,channel_cancellation,0.18382394313812256
SoftPullback,2,channel_cancellation,0.19905072450637817
SoftPullback,3,channel_cancellation,0.19294190406799316
SoftPullback,4,channel_cancellation,0.18003642559051514
SoftPullback,5,channel_cancellation,0.2140304446220398
SoftPullback,6,channel_cancellation,0.1808362603187561
SoftPullback,7,channel_cancellation,0.2343231439590454
SoftPullback,8,channel_cancellation,0.2082219123840332
SoftPullback,9,channel_cancellation,0.1827162504196167
SoftPullback,10,channel_cancellation,0.2031918168067932
SoftPullback,11,channel_cancellation,0.1536070704460144
SoftPullback,12,channel_cancellation,0.19695502519607544
SoftPullback,13,channel_cancellation,0.18250000476837158
SoftPullback,14,channel_cancellation,0.17290282249450684
SoftPullback,15,channel_cancellation,0.19037270545959473
SoftPullback,16,channel_cancellation,0.2506147623062134
SoftPullback,17,channel_cancellation,0.18419647216796875
SoftPullback,18,channel_cancellation,0.18386828899383545
SoftPullback,19,channel_cancellation,0.22576653957366943
SoftPullback,20,channel_cancellation,0.1731189489364624
SoftPullback,21,channel_cancellation,0.1289418339729309
SoftPullback,22,channel_cancellation,0.181984543800354
SoftPullback,23,channel_cancellation,0.2178788185119629
SoftPullback,24,channel_cancellation,0.2078307867050171
SoftPullback,25,channel_cancellation,0.215745210647583
SoftPullback,26,channel_cancellation,0.19140243530273438
SoftPullback,27,channel_cancellation,0.2140393853187561
SoftPullback,28,channel_cancellation,0.24206209182739258
SoftPullback,29,channel_cancellation,0.18600845336914062
SoftPullback,30,channel_cancellation,0.21462112665176392
SoftPullback,31,channel_cancellation,0.21744388341903687
SoftPullback,32,channel_cancellation,0.19732517004013062
SoftPullback,33,channel_cancellation,0.20291072130203247
SoftPullback,34,channel_cancellation,0.2162829041481018
SoftPullback,35,channel_cancellation,0.1627478003501892
SoftPullback,36,channel_cancellation,0.1809988021850586
SoftPullback,37,channel_cancellation,0.26125216484069824
SoftPullback,38,channel_cancellation,0.16031813621520996
SoftPullback,39,channel_cancellation,0.19711029529571533
SoftPullback,40,channel_cancellation,0.23512929677963257
SoftPullback,41,channel_cancellation,0.2348562479019165
SoftPullback,42,channel_cancellation,0.1888192892074585
SoftPullback,43,channel_cancellation,0.2270578145980835
SoftPullback,44,channel_cancellation,0.18170589208602905
SoftPullback,45,channel_cancellation,0.1669248342514038
SoftPullback,46,channel_cancellation,0.23739510774612427
SoftPullback,47,channel_cancellation,0.2015501856803894
SoftPullback,48,channel_cancellation,0.20391249656677246
SoftPullback,49,channel_cancellation,0.23412948846817017
SoftPullback,50,channel_cancellation,0.1630992889404297
SoftPullback,51,channel_cancellation,0.19840705394744873
SoftPullback,52,channel_cancellation,0.1839456558227539
SoftPullback,53,channel_cancellation,0.19039124250411987
SoftPullback,54,channel_cancellation,0.2333998680114746
SoftPullback,55,channel_cancellation,0.17347818613052368
SoftPullback,56,channel_cancellation,0.20331323146820068
SoftPullback,57,channel_cancellation,0.18589121103286743
SoftPullback,58,channel_cancellation,0.17222970724105835
SoftPullback,59,channel_cancellation,0.1590946912765503
SoftPullback,60,channel_cancellation,0.20421642065048218
SoftPullback,61,channel_cancellation,0.1887829303741455
SoftPullback,62,channel_cancellation,0.16896122694015503
SoftPullback,63,channel_cancellation,0.18648391962051392
DoublePullback,0,gini,0.4442978501319885
DoublePullback,1,gini,0.45394423604011536
DoublePullback,2,gini,0.3981916606426239
DoublePullback,3,gini,0.42240673303604126
DoublePullback,4,gini,0.38829877972602844
DoublePullback,5,gini,0.4674643576145172
DoublePullback,6,gini,0.3911156952381134
DoublePullback,7,gini,0.4948582053184509
DoublePullback,8,gini,0.44411319494247437
DoublePullback,9,gini,0.49598655104637146
DoublePullback,10,gini,0.4245096445083618
DoublePullback,11,gini,0.4240407645702362
DoublePullback,12,gini,0.45696187019348145
DoublePullback,13,gini,0.5734909176826477
DoublePullback,14,gini,0.4212946593761444
DoublePullback,15,gini,0.5328999757766724
DoublePullback,16,gini,0.4562203288078308
DoublePullback,17,gini,0.422649621963501
DoublePullback,18,gini,0.45138654112815857
DoublePullback,19,gini,0.47334927320480347
DoublePullback,20,gini,0.45164334774017334
DoublePullback,21,gini,0.4712305963039398
DoublePullback,22,gini,0.4500410854816437
DoublePullback,23,gini,0.467619925737381
DoublePullback,24,gini,0.507838785648346
DoublePullback,25,gini,0.41320401430130005
DoublePullback,26,gini,0.40342289209365845
DoublePullback,27,gini,0.4033134877681732
DoublePullback,28,gini,0.40055325627326965
DoublePullback,29,gini,0.42475780844688416
DoublePullback,30,gini,0.459432452917099
DoublePullback,31,gini,0.40843501687049866
DoublePullback,32,gini,0.40519553422927856
DoublePullback,33,gini,0.5456998348236084
DoublePullback,34,gini,0.3781554102897644
DoublePullback,35,gini,0.38688793778419495
DoublePullback,36,gini,0.42638006806373596
DoublePullback,37,gini,0.4303221106529236
DoublePullback,38,gini,0.4716660678386688
DoublePullback,39,gini,0.5213153958320618
DoublePullback,40,gini,0.39390459656715393
DoublePullback,41,gini,0.37064191699028015
DoublePullback,42,gini,0.386828750371933
DoublePullback,43,gini,0.4366249442100525
DoublePullback,44,gini,0.42958706617355347
DoublePullback,45,gini,0.45025816559791565
DoublePullback,46,gini,0.4127192795276642
DoublePullback,47,gini,0.4268837869167328
DoublePullback,48,gini,0.5540704727172852
DoublePullback,49,gini,0.40608295798301697
DoublePullback,50,gini,0.4511881470680237
DoublePullback,51,gini,0.4487098455429077
DoublePullback,52,gini,0.40335091948509216
DoublePullback,53,gini,0.5278329849243164
DoublePullback,54,gini,0.49533694982528687
DoublePullback,55,gini,0.5232728123664856
DoublePullback,56,gini,0.4225493371486664
DoublePullback,57,gini,0.48579302430152893
DoublePullback,58,gini,0.5339257717132568
DoublePullback,59,gini,0.46995580196380615
DoublePullback,60,gini,0.4035341441631317
DoublePullback,61,gini,0.543827474117279
DoublePullback,62,gini,0.4685051441192627
DoublePullback,63,gini,0.40825918316841125
DoublePullback,0,spatial_entropy,0.9679682850837708
DoublePullback,1,spatial_entropy,0.9674590826034546
DoublePullback,2,spatial_entropy,0.9750984907150269
DoublePullback,3,spatial_entropy,0.9699888825416565
DoublePullback,4,spatial_entropy,0.9765421748161316
DoublePullback,5,spatial_entropy,0.9654773473739624
DoublePullback,6,spatial_entropy,0.9761890172958374
DoublePullback,7,spatial_entropy,0.9586759209632874
DoublePullback,8,spatial_entropy,0.9681295156478882
DoublePullback,9,spatial_entropy,0.9606770277023315
DoublePullback,10,spatial_entropy,0.9715184569358826
DoublePullback,11,spatial_entropy,0.9715328216552734
DoublePullback,12,spatial_entropy,0.9647766947746277
DoublePullback,13,spatial_entropy,0.9459313154220581
DoublePullback,14,spatial_entropy,0.9721471667289734
DoublePullback,15,spatial_entropy,0.9520680904388428
DoublePullback,16,spatial_entropy,0.9669649600982666
DoublePullback,17,spatial_entropy,0.9717475771903992
DoublePullback,18,spatial_entropy,0.96822190284729
DoublePullback,19,spatial_entropy,0.9640432596206665
DoublePullback,20,spatial_entropy,0.9671035408973694
DoublePullback,21,spatial_entropy,0.9639581441879272
DoublePullback,22,spatial_entropy,0.9678943753242493
DoublePullback,23,spatial_entropy,0.9643052816390991
DoublePullback,24,spatial_entropy,0.9566742181777954
DoublePullback,25,spatial_entropy,0.9730457067489624
DoublePullback,26,spatial_entropy,0.974423348903656
DoublePullback,27,spatial_entropy,0.9744068384170532
DoublePullback,28,spatial_entropy,0.975162148475647
DoublePullback,29,spatial_entropy,0.9717106223106384
DoublePullback,30,spatial_entropy,0.9632888436317444
DoublePullback,31,spatial_entropy,0.9739036560058594
DoublePullback,32,spatial_entropy,0.974509596824646
DoublePullback,33,spatial_entropy,0.9267943501472473
DoublePullback,34,spatial_entropy,0.9778512716293335
DoublePullback,35,spatial_entropy,0.9766956567764282
DoublePullback,36,spatial_entropy,0.9714261293411255
DoublePullback,37,spatial_entropy,0.9708940982818604
DoublePullback,38,spatial_entropy,0.9637890458106995
DoublePullback,39,spatial_entropy,0.9561001062393188
DoublePullback,40,spatial_entropy,0.9755626320838928
DoublePullback,41,spatial_entropy,0.9787049293518066
DoublePullback,42,spatial_entropy,0.9765012264251709
DoublePullback,43,spatial_entropy,0.9685978889465332
DoublePullback,44,spatial_entropy,0.970722496509552
DoublePullback,45,spatial_entropy,0.9668481349945068
DoublePullback,46,spatial_entropy,0.9731036424636841
DoublePullback,47,spatial_entropy,0.9712472558021545
DoublePullback,48,spatial_entropy,0.9488118886947632
DoublePullback,49,spatial_entropy,0.9741441011428833
DoublePullback,50,spatial_entropy,0.968063235282898
DoublePullback,51,spatial_entropy,0.9681832790374756
DoublePullback,52,spatial_entropy,0.974208414554596
DoublePullback,53,spatial_entropy,0.9539383053779602
DoublePullback,54,spatial_entropy,0.9591996669769287
DoublePullback,55,spatial_entropy,0.9538124203681946
DoublePullback,56,spatial_entropy,0.9720509052276611
DoublePullback,57,spatial_entropy,0.9599202275276184
DoublePullback,58,spatial_entropy,0.9509933590888977
DoublePullback,59,spatial_entropy,0.9626569151878357
DoublePullback,60,spatial_entropy,0.9743793606758118
DoublePullback,61,spatial_entropy,0.9508844614028931
DoublePullback,62,spatial_entropy,0.9645260572433472
DoublePullback,63,spatial_entropy,0.973440945148468
DoublePullback,0,effective_support,0.7070254683494568
DoublePullback,1,effective_support,0.7031397223472595
DoublePullback,2,effective_support,0.7637486457824707
DoublePullback,3,effective_support,0.7226582765579224
DoublePullback,4,effective_support,0.7757763862609863
DoublePullback,5,effective_support,0.6882184147834778
DoublePullback,6,effective_support,0.7728169560432434
DoublePullback,7,effective_support,0.6393759250640869
DoublePullback,8,effective_support,0.7082603573799133
DoublePullback,9,effective_support,0.6533751487731934
DoublePullback,10,effective_support,0.7347214221954346
DoublePullback,11,effective_support,0.7348355650901794
DoublePullback,12,effective_support,0.6830191612243652
DoublePullback,13,effective_support,0.5569937825202942
DoublePullback,14,effective_support,0.7397380471229553
DoublePullback,15,effective_support,0.5952457785606384
DoublePullback,16,effective_support,0.6993889808654785
DoublePullback,17,effective_support,0.7365455031394958
DoublePullback,18,effective_support,0.7089691162109375
DoublePullback,19,effective_support,0.6776189804077148
DoublePullback,20,effective_support,0.7004388570785522
DoublePullback,21,effective_support,0.6769948601722717
DoublePullback,22,effective_support,0.7064601182937622
DoublePullback,23,effective_support,0.6795433163642883
DoublePullback,24,effective_support,0.6256729364395142
DoublePullback,25,effective_support,0.7469672560691833
DoublePullback,26,effective_support,0.7581881880760193
DoublePullback,27,effective_support,0.7580528855323792
DoublePullback,28,effective_support,0.7642753720283508
DoublePullback,29,effective_support,0.7362509965896606
DoublePullback,30,effective_support,0.6721086502075195
DoublePullback,31,effective_support,0.7539355158805847
DoublePullback,32,effective_support,0.7588961720466614
DoublePullback,33,effective_support,0.4527904689311981
DoublePullback,34,effective_support,0.7868463397026062
DoublePullback,35,effective_support,0.7770661115646362
DoublePullback,36,effective_support,0.7339874505996704
DoublePullback,37,effective_support,0.7297730445861816
DoublePullback,38,effective_support,0.6757568120956421
DoublePullback,39,effective_support,0.6217972040176392
DoublePullback,40,effective_support,0.7675952315330505
DoublePullback,41,effective_support,0.7941499948501587
DoublePullback,42,effective_support,0.7754328846931458
DoublePullback,43,effective_support,0.7118600606918335
DoublePullback,44,effective_support,0.72841876745224
DoublePullback,45,effective_support,0.6985056400299072
DoublePullback,46,effective_support,0.747435450553894
DoublePullback,47,effective_support,0.7325676679611206
DoublePullback,48,effective_support,0.5746328234672546
DoublePullback,49,effective_support,0.7559002637863159
DoublePullback,50,effective_support,0.7077526450157166
DoublePullback,51,effective_support,0.7086725234985352
DoublePullback,52,effective_support,0.7564265727996826
DoublePullback,53,effective_support,0.6074172854423523
DoublePullback,54,effective_support,0.6430108547210693
DoublePullback,55,effective_support,0.6065902709960938
DoublePullback,56,effective_support,0.7389678359031677
DoublePullback,57,effective_support,0.6480448842048645
DoublePullback,58,effective_support,0.5883617997169495
DoublePullback,59,effective_support,0.6675273180007935
DoublePullback,60,effective_support,0.7578274607658386
DoublePullback,61,effective_support,0.587668776512146
DoublePullback,62,effective_support,0.6811691522598267
DoublePullback,63,effective_support,0.7501692771911621
DoublePullback,0,top1pct_mass,0.06697401404380798
DoublePullback,1,top1pct_mass,0.06125722452998161
DoublePullback,2,top1pct_mass,0.05361739546060562
DoublePullback,3,top1pct_mass,0.07291316241025925
DoublePullback,4,top1pct_mass,0.05046810209751129
DoublePullback,5,top1pct_mass,0.06253546476364136
DoublePullback,6,top1pct_mass,0.05094163864850998
DoublePullback,7,top1pct_mass,0.08436721563339233
DoublePullback,8,top1pct_mass,0.06610791385173798
DoublePullback,9,top1pct_mass,0.06868691742420197
DoublePullback,10,top1pct_mass,0.05778862535953522
DoublePullback,11,top1pct_mass,0.05816236510872841
DoublePullback,12,top1pct_mass,0.07789206504821777
DoublePullback,13,top1pct_mass,0.08548062294721603
DoublePullback,14,top1pct_mass,0.05559897422790527
DoublePullback,15,top1pct_mass,0.08890588581562042
DoublePullback,16,top1pct_mass,0.06258998811244965
DoublePullback,17,top1pct_mass,0.05729764327406883
DoublePullback,18,top1pct_mass,0.05656515434384346
DoublePullback,19,top1pct_mass,0.06672204285860062
DoublePullback,20,top1pct_mass,0.06576971709728241
DoublePullback,21,top1pct_mass,0.06985917687416077
DoublePullback,22,top1pct_mass,0.061544690281152725
DoublePullback,23,top1pct_mass,0.07264868915081024
DoublePullback,24,top1pct_mass,0.0857420489192009
DoublePullback,25,top1pct_mass,0.05670009180903435
DoublePullback,26,top1pct_mass,0.05429009720683098
DoublePullback,27,top1pct_mass,0.05453946068882942
DoublePullback,28,top1pct_mass,0.04966751113533974
DoublePullback,29,top1pct_mass,0.055393580347299576
DoublePullback,30,top1pct_mass,0.08769769221544266
DoublePullback,31,top1pct_mass,0.05325856804847717
DoublePullback,32,top1pct_mass,0.05118938535451889
DoublePullback,33,top1pct_mass,0.20867133140563965
DoublePullback,34,top1pct_mass,0.04797675088047981
DoublePullback,35,top1pct_mass,0.050153616815805435
DoublePullback,36,top1pct_mass,0.05681605264544487
DoublePullback,37,top1pct_mass,0.05629453808069229
DoublePullback,38,top1pct_mass,0.0705256536602974
DoublePullback,39,top1pct_mass,0.07390116900205612
DoublePullback,40,top1pct_mass,0.05360988527536392
DoublePullback,41,top1pct_mass,0.04757775738835335
DoublePullback,42,top1pct_mass,0.05263778194785118
DoublePullback,43,top1pct_mass,0.0694359838962555
DoublePullback,44,top1pct_mass,0.0596628300845623
DoublePullback,45,top1pct_mass,0.07019735127687454
DoublePullback,46,top1pct_mass,0.05660141259431839
DoublePullback,47,top1pct_mass,0.05818159505724907
DoublePullback,48,top1pct_mass,0.0891101211309433
DoublePullback,49,top1pct_mass,0.05393119156360626
DoublePullback,50,top1pct_mass,0.059451594948768616
DoublePullback,51,top1pct_mass,0.06070127710700035
DoublePullback,52,top1pct_mass,0.05611611157655716
DoublePullback,53,top1pct_mass,0.08179664611816406
DoublePullback,54,top1pct_mass,0.07922639697790146
DoublePullback,55,top1pct_mass,0.08768825232982635
DoublePullback,56,top1pct_mass,0.05531444773077965
DoublePullback,57,top1pct_mass,0.08583749830722809
DoublePullback,58,top1pct_mass,0.09610308706760406
DoublePullback,59,top1pct_mass,0.08251839131116867
DoublePullback,60,top1pct_mass,0.05471586063504219
DoublePullback,61,top1pct_mass,0.08642657846212387
DoublePullback,62,top1pct_mass,0.06808744370937347
DoublePullback,63,top1pct_mass,0.058235976845026016
DoublePullback,0,top5pct_mass,0.20792469382286072
DoublePullback,1,top5pct_mass,0.20079243183135986
DoublePullback,2,top5pct_mass,0.17747105658054352
DoublePullback,3,top5pct_mass,0.2054554522037506
DoublePullback,4,top5pct_mass,0.17013166844844818
DoublePullback,5,top5pct_mass,0.20581121742725372
DoublePullback,6,top5pct_mass,0.17160192131996155
DoublePullback,7,top5pct_mass,0.24235592782497406
DoublePullback,8,top5pct_mass,0.20608976483345032
DoublePullback,9,top5pct_mass,0.22219349443912506
DoublePullback,10,top5pct_mass,0.18996456265449524
DoublePullback,11,top5pct_mass,0.19142693281173706
DoublePullback,12,top5pct_mass,0.22864454984664917
DoublePullback,13,top5pct_mass,0.2624540627002716
DoublePullback,14,top5pct_mass,0.1868821382522583
DoublePullback,15,top5pct_mass,0.26595446467399597
DoublePullback,16,top5pct_mass,0.20519962906837463
DoublePullback,17,top5pct_mass,0.19004538655281067
DoublePullback,18,top5pct_mass,0.19488994777202606
DoublePullback,19,top5pct_mass,0.207325279712677
DoublePullback,20,top5pct_mass,0.21072521805763245
DoublePullback,21,top5pct_mass,0.21922585368156433
DoublePullback,22,top5pct_mass,0.20086327195167542
DoublePullback,23,top5pct_mass,0.21918077766895294
DoublePullback,24,top5pct_mass,0.2502618432044983
DoublePullback,25,top5pct_mass,0.18558692932128906
DoublePullback,26,top5pct_mass,0.17821748554706573
DoublePullback,27,top5pct_mass,0.17977145314216614
DoublePullback,28,top5pct_mass,0.17060530185699463
DoublePullback,29,top5pct_mass,0.18418528139591217
DoublePullback,30,top5pct_mass,0.23523437976837158
DoublePullback,31,top5pct_mass,0.18020600080490112
DoublePullback,32,top5pct_mass,0.17619842290878296
DoublePullback,33,top5pct_mass,0.3627340495586395
DoublePullback,34,top5pct_mass,0.16432307660579681
DoublePullback,35,top5pct_mass,0.16986814141273499
DoublePullback,36,top5pct_mass,0.18943622708320618
DoublePullback,37,top5pct_mass,0.1920718550682068
DoublePullback,38,top5pct_mass,0.2234574407339096
DoublePullback,39,top5pct_mass,0.23794575035572052
DoublePullback,40,top5pct_mass,0.177753284573555
DoublePullback,41,top5pct_mass,0.16224361956119537
DoublePullback,42,top5pct_mass,0.1728975474834442
DoublePullback,43,top5pct_mass,0.21026957035064697
DoublePullback,44,top5pct_mass,0.19350391626358032
DoublePullback,45,top5pct_mass,0.21323281526565552
DoublePullback,46,top5pct_mass,0.183715358376503
DoublePullback,47,top5pct_mass,0.19075988233089447
DoublePullback,48,top5pct_mass,0.26529979705810547
DoublePullback,49,top5pct_mass,0.18021991848945618
DoublePullback,50,top5pct_mass,0.19561931490898132
DoublePullback,51,top5pct_mass,0.2001560926437378
DoublePullback,52,top5pct_mass,0.18364812433719635
DoublePullback,53,top5pct_mass,0.25389164686203003
DoublePullback,54,top5pct_mass,0.2430485188961029
DoublePullback,55,top5pct_mass,0.26002946496009827
DoublePullback,56,top5pct_mass,0.18485289812088013
DoublePullback,57,top5pct_mass,0.24056260287761688
DoublePullback,58,top5pct_mass,0.27214306592941284
DoublePullback,59,top5pct_mass,0.22862198948860168
DoublePullback,60,top5pct_mass,0.1802036315202713
DoublePullback,61,top5pct_mass,0.25989142060279846
DoublePullback,62,top5pct_mass,0.2165636271238327
DoublePullback,63,top5pct_mass,0.1862383335828781
DoublePullback,0,total_variation,0.5671696066856384
DoublePullback,1,total_variation,0.5625901222229004
DoublePullback,2,total_variation,0.5786821842193604
DoublePullback,3,total_variation,0.5162448883056641
DoublePullback,4,total_variation,0.5516525506973267
DoublePullback,5,total_variation,0.548259437084198
DoublePullback,6,total_variation,0.569267988204956
DoublePullback,7,total_variation,0.509020209312439
DoublePullback,8,total_variation,0.47088316082954407
DoublePullback,9,total_variation,0.5012589693069458
DoublePullback,10,total_variation,0.5192360877990723
DoublePullback,11,total_variation,0.584632158279419
DoublePullback,12,total_variation,0.5333952307701111
DoublePullback,13,total_variation,0.4826147258281708
DoublePullback,14,total_variation,0.5332374572753906
DoublePullback,15,total_variation,0.5496430397033691
DoublePullback,16,total_variation,0.5373958349227905
DoublePullback,17,total_variation,0.5486536026000977
DoublePullback,18,total_variation,0.4971555173397064
DoublePullback,19,total_variation,0.5244778394699097
DoublePullback,20,total_variation,0.5598849654197693
DoublePullback,21,total_variation,0.5531010031700134
DoublePullback,22,total_variation,0.49591267108917236
DoublePullback,23,total_variation,0.4889277517795563
DoublePullback,24,total_variation,0.5620719790458679
DoublePullback,25,total_variation,0.5187641382217407
DoublePullback,26,total_variation,0.5419372916221619
DoublePullback,27,total_variation,0.5453317761421204
DoublePullback,28,total_variation,0.4729800820350647
DoublePullback,29,total_variation,0.5063835978507996
DoublePullback,30,total_variation,0.5142526626586914
DoublePullback,31,total_variation,0.49763333797454834
DoublePullback,32,total_variation,0.5514395236968994
DoublePullback,33,total_variation,0.4936734139919281
DoublePullback,34,total_variation,0.5360090732574463
DoublePullback,35,total_variation,0.5821881294250488
DoublePullback,36,total_variation,0.5791944861412048
DoublePullback,37,total_variation,0.4953649044036865
DoublePullback,38,total_variation,0.5755788087844849
DoublePullback,39,total_variation,0.5496611595153809
DoublePullback,40,total_variation,0.4985366463661194
DoublePullback,41,total_variation,0.5210719108581543
DoublePullback,42,total_variation,0.5621811151504517
DoublePullback,43,total_variation,0.5251569151878357
DoublePullback,44,total_variation,0.5670105218887329
DoublePullback,45,total_variation,0.5234717130661011
DoublePullback,46,total_variation,0.5169475078582764
DoublePullback,47,total_variation,0.47629907727241516
DoublePullback,48,total_variation,0.5532323122024536
DoublePullback,49,total_variation,0.5046436190605164
DoublePullback,50,total_variation,0.5304692387580872
DoublePullback,51,total_variation,0.5291105508804321
DoublePullback,52,total_variation,0.5650010704994202
DoublePullback,53,total_variation,0.5597668886184692
DoublePullback,54,total_variation,0.5436021685600281
DoublePullback,55,total_variation,0.5379856824874878
DoublePullback,56,total_variation,0.5403579473495483
DoublePullback,57,total_variation,0.5117729306221008
DoublePullback,58,total_variation,0.52415931224823
DoublePullback,59,total_variation,0.5475435256958008
DoublePullback,60,total_variation,0.543967068195343
DoublePullback,61,total_variation,0.5072780847549438
DoublePullback,62,total_variation,0.4825595021247864
DoublePullback,63,total_variation,0.5498421788215637
DoublePullback,0,channel_cancellation,0.18742406368255615
DoublePullback,1,channel_cancellation,0.2032591700553894
DoublePullback,2,channel_cancellation,0.19724470376968384
DoublePullback,3,channel_cancellation,0.20886051654815674
DoublePullback,4,channel_cancellation,0.1897220015525818
DoublePullback,5,channel_cancellation,0.1992371678352356
DoublePullback,6,channel_cancellation,0.18128913640975952
DoublePullback,7,channel_cancellation,0.23027801513671875
DoublePullback,8,channel_cancellation,0.20387738943099976
DoublePullback,9,channel_cancellation,0.18518900871276855
DoublePullback,10,channel_cancellation,0.21813267469406128
DoublePullback,11,channel_cancellation,0.15532225370407104
DoublePullback,12,channel_cancellation,0.19359052181243896
DoublePullback,13,channel_cancellation,0.2246837019920349
DoublePullback,14,channel_cancellation,0.1912403702735901
DoublePullback,15,channel_cancellation,0.20888477563858032
DoublePullback,16,channel_cancellation,0.24498873949050903
DoublePullback,17,channel_cancellation,0.18210887908935547
DoublePullback,18,channel_cancellation,0.19149446487426758
DoublePullback,19,channel_cancellation,0.22682923078536987
DoublePullback,20,channel_cancellation,0.188684344291687
DoublePullback,21,channel_cancellation,0.18764221668243408
DoublePullback,22,channel_cancellation,0.17989253997802734
DoublePullback,23,channel_cancellation,0.2256842851638794
DoublePullback,24,channel_cancellation,0.19530028104782104
DoublePullback,25,channel_cancellation,0.23240137100219727
DoublePullback,26,channel_cancellation,0.195786714553833
DoublePullback,27,channel_cancellation,0.21347999572753906
DoublePullback,28,channel_cancellation,0.22292935848236084
DoublePullback,29,channel_cancellation,0.19603878259658813
DoublePullback,30,channel_cancellation,0.2080674171447754
DoublePullback,31,channel_cancellation,0.23368096351623535
DoublePullback,32,channel_cancellation,0.19524341821670532
DoublePullback,33,channel_cancellation,0.21008318662643433
DoublePullback,34,channel_cancellation,0.20994114875793457
DoublePullback,35,channel_cancellation,0.16410022974014282
DoublePullback,36,channel_cancellation,0.16584622859954834
DoublePullback,37,channel_cancellation,0.24459874629974365
DoublePullback,38,channel_cancellation,0.14347195625305176
DoublePullback,39,channel_cancellation,0.1899150013923645
DoublePullback,40,channel_cancellation,0.250133752822876
DoublePullback,41,channel_cancellation,0.2284865379333496
DoublePullback,42,channel_cancellation,0.19727712869644165
DoublePullback,43,channel_cancellation,0.24841582775115967
DoublePullback,44,channel_cancellation,0.1737256646156311
DoublePullback,45,channel_cancellation,0.1691102385520935
DoublePullback,46,channel_cancellation,0.2242354154586792
DoublePullback,47,channel_cancellation,0.2020675539970398
DoublePullback,48,channel_cancellation,0.2032604217529297
DoublePullback,49,channel_cancellation,0.2512094974517822
DoublePullback,50,channel_cancellation,0.18513619899749756
DoublePullback,51,channel_cancellation,0.19818007946014404
DoublePullback,52,channel_cancellation,0.18965297937393188
DoublePullback,53,channel_cancellation,0.188085675239563
DoublePullback,54,channel_cancellation,0.24082189798355103
DoublePullback,55,channel_cancellation,0.18969911336898804
DoublePullback,56,channel_cancellation,0.19094640016555786
DoublePullback,57,channel_cancellation,0.18915408849716187
DoublePullback,58,channel_cancellation,0.17384463548660278
DoublePullback,59,channel_cancellation,0.17325228452682495
DoublePullback,60,channel_cancellation,0.20762932300567627
DoublePullback,61,channel_cancellation,0.17149066925048828
DoublePullback,62,channel_cancellation,0.1869356632232666
DoublePullback,63,channel_cancellation,0.21963518857955933
PullbackAscent,0,gini,0.42290395498275757
PullbackAscent,1,gini,0.4188769459724426
PullbackAscent,2,gini,0.3645755648612976
PullbackAscent,3,gini,0.4124847650527954
PullbackAscent,4,gini,0.3828656077384949
PullbackAscent,5,gini,0.42472633719444275
PullbackAscent,6,gini,0.41544196009635925
PullbackAscent,7,gini,0.4581815302371979
PullbackAscent,8,gini,0.4404700994491577
PullbackAscent,9,gini,0.46567511558532715
PullbackAscent,10,gini,0.42897605895996094
PullbackAscent,11,gini,0.41052716970443726
PullbackAscent,12,gini,0.4108266234397888
PullbackAscent,13,gini,0.578041672706604
PullbackAscent,14,gini,0.4334636628627777
PullbackAscent,15,gini,0.5148283243179321
PullbackAscent,16,gini,0.3929295539855957
PullbackAscent,17,gini,0.42013779282569885
PullbackAscent,18,gini,0.45406123995780945
PullbackAscent,19,gini,0.45963945984840393
PullbackAscent,20,gini,0.4049420654773712
PullbackAscent,21,gini,0.3890472948551178
PullbackAscent,22,gini,0.44550177454948425
PullbackAscent,23,gini,0.4440270662307739
PullbackAscent,24,gini,0.44202086329460144
PullbackAscent,25,gini,0.4409763514995575
PullbackAscent,26,gini,0.3757210671901703
PullbackAscent,27,gini,0.3854633867740631
PullbackAscent,28,gini,0.39502623677253723
PullbackAscent,29,gini,0.425711989402771
PullbackAscent,30,gini,0.38166379928588867
PullbackAscent,31,gini,0.3678285479545593
PullbackAscent,32,gini,0.39170828461647034
PullbackAscent,33,gini,0.45434480905532837
PullbackAscent,34,gini,0.3524306118488312
PullbackAscent,35,gini,0.38021206855773926
PullbackAscent,36,gini,0.4076494574546814
PullbackAscent,37,gini,0.40842849016189575
PullbackAscent,38,gini,0.4051350951194763
PullbackAscent,39,gini,0.5013315677642822
PullbackAscent,40,gini,0.40421411395072937
PullbackAscent,41,gini,0.3800585865974426
PullbackAscent,42,gini,0.36355769634246826
PullbackAscent,43,gini,0.42163312435150146
PullbackAscent,44,gini,0.4408401846885681
PullbackAscent,45,gini,0.40079596638679504
PullbackAscent,46,gini,0.3984256982803345
PullbackAscent,47,gini,0.38748884201049805
PullbackAscent,48,gini,0.458919882774353
PullbackAscent,49,gini,0.41355112195014954
PullbackAscent,50,gini,0.3876534402370453
PullbackAscent,51,gini,0.44601544737815857
PullbackAscent,52,gini,0.3887225389480591
PullbackAscent,53,gini,0.4305359721183777
PullbackAscent,54,gini,0.4538156986236572
PullbackAscent,55,gini,0.5320696234703064
PullbackAscent,56,gini,0.4477725327014923
PullbackAscent,57,gini,0.4150862395763397
PullbackAscent,58,gini,0.4641055166721344
PullbackAscent,59,gini,0.43823733925819397
PullbackAscent,60,gini,0.3819020986557007
PullbackAscent,61,gini,0.4298308193683624
PullbackAscent,62,gini,0.399814248085022
PullbackAscent,63,gini,0.3940856456756592
PullbackAscent,0,spatial_entropy,0.9718663096427917
PullbackAscent,1,spatial_entropy,0.97284996509552
PullbackAscent,2,spatial_entropy,0.9797142148017883
PullbackAscent,3,spatial_entropy,0.9736225008964539
PullbackAscent,4,spatial_entropy,0.9773361086845398
PullbackAscent,5,spatial_entropy,0.9719668626785278
PullbackAscent,6,spatial_entropy,0.9727343916893005
PullbackAscent,7,spatial_entropy,0.9669898748397827
PullbackAscent,8,spatial_entropy,0.9691491723060608
PullbackAscent,9,spatial_entropy,0.9651364088058472
PullbackAscent,10,spatial_entropy,0.9709522128105164
PullbackAscent,11,spatial_entropy,0.9734861850738525
PullbackAscent,12,spatial_entropy,0.9731430411338806
PullbackAscent,13,spatial_entropy,0.945274829864502
PullbackAscent,14,spatial_entropy,0.9702423810958862
PullbackAscent,15,spatial_entropy,0.956723690032959
PullbackAscent,16,spatial_entropy,0.9761942028999329
PullbackAscent,17,spatial_entropy,0.9726377129554749
PullbackAscent,18,spatial_entropy,0.9678373336791992
PullbackAscent,19,spatial_entropy,0.967138409614563
PullbackAscent,20,spatial_entropy,0.9747881889343262
PullbackAscent,21,spatial_entropy,0.9767194986343384
PullbackAscent,22,spatial_entropy,0.968871533870697
PullbackAscent,23,spatial_entropy,0.9688238501548767
PullbackAscent,24,spatial_entropy,0.9690256714820862
PullbackAscent,25,spatial_entropy,0.9684534668922424
PullbackAscent,26,spatial_entropy,0.9782732725143433
PullbackAscent,27,spatial_entropy,0.9769787192344666
PullbackAscent,28,spatial_entropy,0.9758380651473999
PullbackAscent,29,spatial_entropy,0.9720555543899536
PullbackAscent,30,spatial_entropy,0.9776669144630432
PullbackAscent,31,spatial_entropy,0.9791154861450195
PullbackAscent,32,spatial_entropy,0.9763538241386414
PullbackAscent,33,spatial_entropy,0.9656503796577454
PullbackAscent,34,spatial_entropy,0.9810954928398132
PullbackAscent,35,spatial_entropy,0.9775610566139221
PullbackAscent,36,spatial_entropy,0.9741231799125671
PullbackAscent,37,spatial_entropy,0.9741544723510742
PullbackAscent,38,spatial_entropy,0.9745325446128845
PullbackAscent,39,spatial_entropy,0.960354208946228
PullbackAscent,40,spatial_entropy,0.9741856455802917
PullbackAscent,41,spatial_entropy,0.9773424863815308
PullbackAscent,42,spatial_entropy,0.9796900153160095
PullbackAscent,43,spatial_entropy,0.9717115759849548
PullbackAscent,44,spatial_entropy,0.9695377945899963
PullbackAscent,45,spatial_entropy,0.9751775860786438
PullbackAscent,46,spatial_entropy,0.9753762483596802
PullbackAscent,47,spatial_entropy,0.9767069816589355
PullbackAscent,48,spatial_entropy,0.9669191241264343
PullbackAscent,49,spatial_entropy,0.9737359881401062
PullbackAscent,50,spatial_entropy,0.9766868948936462
PullbackAscent,51,spatial_entropy,0.9690592288970947
PullbackAscent,52,spatial_entropy,0.9765498638153076
PullbackAscent,53,spatial_entropy,0.9712708592414856
PullbackAscent,54,spatial_entropy,0.9672638773918152
PullbackAscent,55,spatial_entropy,0.9539064764976501
PullbackAscent,56,spatial_entropy,0.9685521721839905
PullbackAscent,57,spatial_entropy,0.9731863141059875
PullbackAscent,58,spatial_entropy,0.9661733508110046
PullbackAscent,59,spatial_entropy,0.9701519012451172
PullbackAscent,60,spatial_entropy,0.9772423505783081
PullbackAscent,61,spatial_entropy,0.9711201190948486
PullbackAscent,62,spatial_entropy,0.9750499129295349
PullbackAscent,63,spatial_entropy,0.9759944081306458
PullbackAscent,0,effective_support,0.737492561340332
PullbackAscent,1,effective_support,0.7453863024711609
PullbackAscent,2,effective_support,0.8028730154037476
PullbackAscent,3,effective_support,0.7516449689865112
PullbackAscent,4,effective_support,0.782471239566803
PullbackAscent,5,effective_support,0.7382959723472595
PullbackAscent,6,effective_support,0.7444542050361633
PullbackAscent,7,effective_support,0.6995777487754822
PullbackAscent,8,effective_support,0.7161200642585754
PullbackAscent,9,effective_support,0.6856836676597595
PullbackAscent,10,effective_support,0.7302320003509521
PullbackAscent,11,effective_support,0.7505367994308472
PullbackAscent,12,effective_support,0.7477542161941528
PullbackAscent,13,effective_support,0.5530501008033752
PullbackAscent,14,effective_support,0.7246434092521667
PullbackAscent,15,effective_support,0.6260080337524414
PullbackAscent,16,effective_support,0.7728604078292847
PullbackAscent,17,effective_support,0.7436760663986206
PullbackAscent,18,effective_support,0.7060241103172302
PullbackAscent,19,effective_support,0.7007032632827759
PullbackAscent,20,effective_support,0.7611882090568542
PullbackAscent,21,effective_support,0.7772665023803711
PullbackAscent,22,effective_support,0.7139712572097778
PullbackAscent,23,effective_support,0.7136027812957764
PullbackAscent,24,effective_support,0.7151634693145752
PullbackAscent,25,effective_support,0.710748016834259
PullbackAscent,26,effective_support,0.7904487252235413
PullbackAscent,27,effective_support,0.7794507145881653
PullbackAscent,28,effective_support,0.7698870897293091
PullbackAscent,29,effective_support,0.7390049695968628
PullbackAscent,30,effective_support,0.7852781414985657
PullbackAscent,31,effective_support,0.7976865768432617
PullbackAscent,32,effective_support,0.774196445941925
PullbackAscent,33,effective_support,0.6895084977149963
PullbackAscent,34,effective_support,0.8149661421775818
PullbackAscent,35,effective_support,0.7843785285949707
PullbackAscent,36,effective_support,0.7557288408279419
PullbackAscent,37,effective_support,0.7559852004051208
PullbackAscent,38,effective_support,0.7590848803520203
PullbackAscent,39,effective_support,0.6510960459709167
PullbackAscent,40,effective_support,0.7562400698661804
PullbackAscent,41,effective_support,0.7825255393981934
PullbackAscent,42,effective_support,0.8026623725891113
PullbackAscent,43,effective_support,0.7362587451934814
PullbackAscent,44,effective_support,0.7191385626792908
PullbackAscent,45,effective_support,0.7644027471542358
PullbackAscent,46,effective_support,0.7660481929779053
PullbackAscent,47,effective_support,0.777161717414856
PullbackAscent,48,effective_support,0.6990424394607544
PullbackAscent,49,effective_support,0.752568781375885
PullbackAscent,50,effective_support,0.7769927382469177
PullbackAscent,51,effective_support,0.7154231071472168
PullbackAscent,52,effective_support,0.7758409976959229
PullbackAscent,53,effective_support,0.732755184173584
PullbackAscent,54,effective_support,0.7016558051109314
PullbackAscent,55,effective_support,0.6072080731391907
PullbackAscent,56,effective_support,0.7115076780319214
PullbackAscent,57,effective_support,0.7481046915054321
PullbackAscent,58,effective_support,0.6934224963188171
PullbackAscent,59,effective_support,0.7239343523979187
PullbackAscent,60,effective_support,0.7816776633262634
PullbackAscent,61,effective_support,0.7315607070922852
PullbackAscent,62,effective_support,0.7633473873138428
PullbackAscent,63,effective_support,0.7711905837059021
PullbackAscent,0,top1pct_mass,0.056302525103092194
PullbackAscent,1,top1pct_mass,0.05199243128299713
PullbackAscent,2,top1pct_mass,0.04319414123892784
PullbackAscent,3,top1pct_mass,0.05096757039427757
PullbackAscent,4,top1pct_mass,0.04782797768712044
PullbackAscent,5,top1pct_mass,0.05325140058994293
PullbackAscent,6,top1pct_mass,0.0568290539085865
PullbackAscent,7,top1pct_mass,0.059053413569927216
PullbackAscent,8,top1pct_mass,0.06070804223418236
PullbackAscent,9,top1pct_mass,0.06683596968650818
PullbackAscent,10,top1pct_mass,0.058580320328474045
PullbackAscent,11,top1pct_mass,0.0542234405875206
PullbackAscent,12,top1pct_mass,0.05803960934281349
PullbackAscent,13,top1pct_mass,0.07842420041561127
PullbackAscent,14,top1pct_mass,0.0598028190433979
PullbackAscent,15,top1pct_mass,0.07588689029216766
PullbackAscent,16,top1pct_mass,0.048763882368803024
PullbackAscent,17,top1pct_mass,0.0523921474814415
PullbackAscent,18,top1pct_mass,0.056850653141736984
PullbackAscent,19,top1pct_mass,0.055691543966531754
PullbackAscent,20,top1pct_mass,0.04842616990208626
PullbackAscent,21,top1pct_mass,0.047097448259592056
PullbackAscent,22,top1pct_mass,0.05762694776058197
PullbackAscent,23,top1pct_mass,0.057741034775972366
PullbackAscent,24,top1pct_mass,0.06032984331250191
PullbackAscent,25,top1pct_mass,0.06642085313796997
PullbackAscent,26,top1pct_mass,0.04585610702633858
PullbackAscent,27,top1pct_mass,0.04864448681473732
PullbackAscent,28,top1pct_mass,0.049635931849479675
PullbackAscent,29,top1pct_mass,0.051778845489025116
PullbackAscent,30,top1pct_mass,0.045707426965236664
PullbackAscent,31,top1pct_mass,0.046000462025403976
PullbackAscent,32,top1pct_mass,0.04796883836388588
PullbackAscent,33,top1pct_mass,0.07515916228294373
PullbackAscent,34,top1pct_mass,0.04135308787226677
PullbackAscent,35,top1pct_mass,0.04856244474649429
PullbackAscent,36,top1pct_mass,0.052657946944236755
PullbackAscent,37,top1pct_mass,0.050559718161821365
PullbackAscent,38,top1pct_mass,0.05089458078145981
PullbackAscent,39,top1pct_mass,0.06434082239866257
PullbackAscent,40,top1pct_mass,0.052912257611751556
PullbackAscent,41,top1pct_mass,0.050977516919374466
PullbackAscent,42,top1pct_mass,0.04459930211305618
PullbackAscent,43,top1pct_mass,0.058513931930065155
PullbackAscent,44,top1pct_mass,0.05734764039516449
PullbackAscent,45,top1pct_mass,0.04918165132403374
PullbackAscent,46,top1pct_mass,0.050314247608184814
PullbackAscent,47,top1pct_mass,0.04916095733642578
PullbackAscent,48,top1pct_mass,0.06002511829137802
PullbackAscent,49,top1pct_mass,0.049211692065000534
PullbackAscent,50,top1pct_mass,0.04919178783893585
PullbackAscent,51,top1pct_mass,0.05548381060361862
PullbackAscent,52,top1pct_mass,0.04942893981933594
PullbackAscent,53,top1pct_mass,0.05355818197131157
PullbackAscent,54,top1pct_mass,0.06230658292770386
PullbackAscent,55,top1pct_mass,0.07547728717327118
PullbackAscent,56,top1pct_mass,0.058107905089855194
PullbackAscent,57,top1pct_mass,0.05260477215051651
PullbackAscent,58,top1pct_mass,0.05947679653763771
PullbackAscent,59,top1pct_mass,0.05410413816571236
PullbackAscent,60,top1pct_mass,0.05004638805985451
PullbackAscent,61,top1pct_mass,0.05498453229665756
PullbackAscent,62,top1pct_mass,0.051572285592556
PullbackAscent,63,top1pct_mass,0.048884473741054535
PullbackAscent,0,top5pct_mass,0.18747836351394653
PullbackAscent,1,top5pct_mass,0.17957022786140442
PullbackAscent,2,top5pct_mass,0.155009925365448
PullbackAscent,3,top5pct_mass,0.17743703722953796
PullbackAscent,4,top5pct_mass,0.16703040897846222
PullbackAscent,5,top5pct_mass,0.18324562907218933
PullbackAscent,6,top5pct_mass,0.18737052381038666
PullbackAscent,7,top5pct_mass,0.20137722790241241
PullbackAscent,8,top5pct_mass,0.20112201571464539
PullbackAscent,9,top5pct_mass,0.21261927485466003
PullbackAscent,10,top5pct_mass,0.1914674937725067
PullbackAscent,11,top5pct_mass,0.18500159680843353
PullbackAscent,12,top5pct_mass,0.18740300834178925
PullbackAscent,13,top5pct_mass,0.25966352224349976
PullbackAscent,14,top5pct_mass,0.19519101083278656
PullbackAscent,15,top5pct_mass,0.2423984557390213
PullbackAscent,16,top5pct_mass,0.16853179037570953
PullbackAscent,17,top5pct_mass,0.1808483600616455
PullbackAscent,18,top5pct_mass,0.19576793909072876
PullbackAscent,19,top5pct_mass,0.19162888824939728
PullbackAscent,20,top5pct_mass,0.17126789689064026
PullbackAscent,21,top5pct_mass,0.16671378910541534
PullbackAscent,22,top5pct_mass,0.1955694854259491
PullbackAscent,23,top5pct_mass,0.19474349915981293
PullbackAscent,24,top5pct_mass,0.19865088164806366
PullbackAscent,25,top5pct_mass,0.20820818841457367
PullbackAscent,26,top5pct_mass,0.16132844984531403
PullbackAscent,27,top5pct_mass,0.16810867190361023
PullbackAscent,28,top5pct_mass,0.17077167332172394
PullbackAscent,29,top5pct_mass,0.17990651726722717
PullbackAscent,30,top5pct_mass,0.1638983190059662
PullbackAscent,31,top5pct_mass,0.15991322696208954
PullbackAscent,32,top5pct_mass,0.1682625710964203
PullbackAscent,33,top5pct_mass,0.22084084153175354
PullbackAscent,34,top5pct_mass,0.1497611254453659
PullbackAscent,35,top5pct_mass,0.16505004465579987
PullbackAscent,36,top5pct_mass,0.1775493621826172
PullbackAscent,37,top5pct_mass,0.1777758151292801
PullbackAscent,38,top5pct_mass,0.17661644518375397
PullbackAscent,39,top5pct_mass,0.2172539085149765
PullbackAscent,40,top5pct_mass,0.1764516532421112
PullbackAscent,41,top5pct_mass,0.17017225921154022
PullbackAscent,42,top5pct_mass,0.15724672377109528
PullbackAscent,43,top5pct_mass,0.19289466738700867
PullbackAscent,44,top5pct_mass,0.19289663434028625
PullbackAscent,45,top5pct_mass,0.17206309735774994
PullbackAscent,46,top5pct_mass,0.17273983359336853
PullbackAscent,47,top5pct_mass,0.1684613972902298
PullbackAscent,48,top5pct_mass,0.20087292790412903
PullbackAscent,49,top5pct_mass,0.17340420186519623
PullbackAscent,50,top5pct_mass,0.16988074779510498
PullbackAscent,51,top5pct_mass,0.19131846725940704
PullbackAscent,52,top5pct_mass,0.17015890777111053
PullbackAscent,53,top5pct_mass,0.1815817803144455
PullbackAscent,54,top5pct_mass,0.2048819661140442
PullbackAscent,55,top5pct_mass,0.2469979077577591
PullbackAscent,56,top5pct_mass,0.19550326466560364
PullbackAscent,57,top5pct_mass,0.18045365810394287
PullbackAscent,58,top5pct_mass,0.2006976455450058
PullbackAscent,59,top5pct_mass,0.18658046424388885
PullbackAscent,60,top5pct_mass,0.16973976790905
PullbackAscent,61,top5pct_mass,0.1888563334941864
PullbackAscent,62,top5pct_mass,0.17542852461338043
PullbackAscent,63,top5pct_mass,0.17158089578151703
PullbackAscent,0,total_variation,0.5753622055053711
PullbackAscent,1,total_variation,0.572670578956604
PullbackAscent,2,total_variation,0.573843240737915
PullbackAscent,3,total_variation,0.5512118935585022
PullbackAscent,4,total_variation,0.5726974010467529
PullbackAscent,5,total_variation,0.5613831281661987
PullbackAscent,6,total_variation,0.5761351585388184
PullbackAscent,7,total_variation,0.5499158501625061
PullbackAscent,8,total_variation,0.5673494935035706
PullbackAscent,9,total_variation,0.5740422010421753
PullbackAscent,10,total_variation,0.551276683807373
PullbackAscent,11,total_variation,0.593700647354126
PullbackAscent,12,total_variation,0.5545740127563477
PullbackAscent,13,total_variation,0.6036562919616699
PullbackAscent,14,total_variation,0.5646628141403198
PullbackAscent,15,total_variation,0.5504007935523987
PullbackAscent,16,total_variation,0.5361880660057068
PullbackAscent,17,total_variation,0.5818535089492798
PullbackAscent,18,total_variation,0.556300163269043
PullbackAscent,19,total_variation,0.5630415678024292
PullbackAscent,20,total_variation,0.5164037942886353
PullbackAscent,21,total_variation,0.553665280342102
PullbackAscent,22,total_variation,0.5539872050285339
PullbackAscent,23,total_variation,0.5779123306274414
PullbackAscent,24,total_variation,0.560762882232666
PullbackAscent,25,total_variation,0.562059760093689
PullbackAscent,26,total_variation,0.5599156618118286
PullbackAscent,27,total_variation,0.5648860335350037
PullbackAscent,28,total_variation,0.5640531778335571
PullbackAscent,29,total_variation,0.572667121887207
PullbackAscent,30,total_variation,0.5561423897743225
PullbackAscent,31,total_variation,0.5501163601875305
PullbackAscent,32,total_variation,0.5815385580062866
PullbackAscent,33,total_variation,0.5483126044273376
PullbackAscent,34,total_variation,0.5632818937301636
PullbackAscent,35,total_variation,0.5911053419113159
PullbackAscent,36,total_variation,0.5790644884109497
PullbackAscent,37,total_variation,0.5407968163490295
PullbackAscent,38,total_variation,0.5928550362586975
PullbackAscent,39,total_variation,0.5642631649971008
PullbackAscent,40,total_variation,0.5810901522636414
PullbackAscent,41,total_variation,0.5539349317550659
PullbackAscent,42,total_variation,0.5589734315872192
PullbackAscent,43,total_variation,0.5470236539840698
PullbackAscent,44,total_variation,0.5886321067810059
PullbackAscent,45,total_variation,0.5727101564407349
PullbackAscent,46,total_variation,0.5437679886817932
PullbackAscent,47,total_variation,0.5535112023353577
PullbackAscent,48,total_variation,0.5595133304595947
PullbackAscent,49,total_variation,0.5463777780532837
PullbackAscent,50,total_variation,0.5534453988075256
PullbackAscent,51,total_variation,0.5614811182022095
PullbackAscent,52,total_variation,0.5615067481994629
PullbackAscent,53,total_variation,0.5661852359771729
PullbackAscent,54,total_variation,0.5532686710357666
PullbackAscent,55,total_variation,0.5387145280838013
PullbackAscent,56,total_variation,0.5709861516952515
PullbackAscent,57,total_variation,0.5664409399032593
PullbackAscent,58,total_variation,0.5791460871696472
PullbackAscent,59,total_variation,0.5922145843505859
PullbackAscent,60,total_variation,0.5584052801132202
PullbackAscent,61,total_variation,0.5483263731002808
PullbackAscent,62,total_variation,0.551376461982727
PullbackAscent,63,total_variation,0.5639233589172363
PullbackAscent,0,channel_cancellation,0.18738776445388794
PullbackAscent,1,channel_cancellation,0.19597673416137695
PullbackAscent,2,channel_cancellation,0.19789743423461914
PullbackAscent,3,channel_cancellation,0.2019035816192627
PullbackAscent,4,channel_cancellation,0.19582253694534302
PullbackAscent,5,channel_cancellation,0.1969166398048401
PullbackAscent,6,channel_cancellation,0.18121200799942017
PullbackAscent,7,channel_cancellation,0.2056790590286255
PullbackAscent,8,channel_cancellation,0.17859679460525513
PullbackAscent,9,channel_cancellation,0.1628410816192627
PullbackAscent,10,channel_cancellation,0.20719176530838013
PullbackAscent,11,channel_cancellation,0.16336429119110107
PullbackAscent,12,channel_cancellation,0.19640904664993286
PullbackAscent,13,channel_cancellation,0.10157597064971924
PullbackAscent,14,channel_cancellation,0.1830763816833496
PullbackAscent,15,channel_cancellation,0.21930944919586182
PullbackAscent,16,channel_cancellation,0.24481123685836792
PullbackAscent,17,channel_cancellation,0.16463243961334229
PullbackAscent,18,channel_cancellation,0.17337042093276978
PullbackAscent,19,channel_cancellation,0.1965235471725464
PullbackAscent,20,channel_cancellation,0.2592355012893677
PullbackAscent,21,channel_cancellation,0.20333224534988403
PullbackAscent,22,channel_cancellation,0.1805630326271057
PullbackAscent,23,channel_cancellation,0.19804328680038452
PullbackAscent,24,channel_cancellation,0.20498335361480713
PullbackAscent,25,channel_cancellation,0.19603866338729858
PullbackAscent,26,channel_cancellation,0.20312929153442383
PullbackAscent,27,channel_cancellation,0.2039501667022705
PullbackAscent,28,channel_cancellation,0.17641210556030273
PullbackAscent,29,channel_cancellation,0.17145121097564697
PullbackAscent,30,channel_cancellation,0.19858521223068237
PullbackAscent,31,channel_cancellation,0.19043105840682983
PullbackAscent,32,channel_cancellation,0.1889103651046753
PullbackAscent,33,channel_cancellation,0.19711834192276
PullbackAscent,34,channel_cancellation,0.18524962663650513
PullbackAscent,35,channel_cancellation,0.16536366939544678
PullbackAscent,36,channel_cancellation,0.18836504220962524
PullbackAscent,37,channel_cancellation,0.20972734689712524
PullbackAscent,38,channel_cancellation,0.15764880180358887
PullbackAscent,39,channel_cancellation,0.19937145709991455
PullbackAscent,40,channel_cancellation,0.19737786054611206
PullbackAscent,41,channel_cancellation,0.2138603925704956
PullbackAscent,42,channel_cancellation,0.20613765716552734
PullbackAscent,43,channel_cancellation,0.2284146547317505
PullbackAscent,44,channel_cancellation,0.17143601179122925
PullbackAscent,45,channel_cancellation,0.1625855565071106
PullbackAscent,46,channel_cancellation,0.2157091498374939
PullbackAscent,47,channel_cancellation,0.18675446510314941
PullbackAscent,48,channel_cancellation,0.20722192525863647
PullbackAscent,49,channel_cancellation,0.22363662719726562
PullbackAscent,50,channel_cancellation,0.19697082042694092
PullbackAscent,51,channel_cancellation,0.19284629821777344
PullbackAscent,52,channel_cancellation,0.20587146282196045
PullbackAscent,53,channel_cancellation,0.20111238956451416
PullbackAscent,54,channel_cancellation,0.23122364282608032
PullbackAscent,55,channel_cancellation,0.2211816906929016
PullbackAscent,56,channel_cancellation,0.18603211641311646
PullbackAscent,57,channel_cancellation,0.17155110836029053
PullbackAscent,58,channel_cancellation,0.1731911301612854
PullbackAscent,59,channel_cancellation,0.16719752550125122
PullbackAscent,60,channel_cancellation,0.2040494680404663
PullbackAscent,61,channel_cancellation,0.17927783727645874
PullbackAscent,62,channel_cancellation,0.17704075574874878
PullbackAscent,63,channel_cancellation,0.20584410429000854
DistributionPullback,0,gini,0.4157611131668091
DistributionPullback,1,gini,0.4644705355167389
DistributionPullback,2,gini,0.4095705449581146
DistributionPullback,3,gini,0.4584129750728607
DistributionPullback,4,gini,0.39521268010139465
DistributionPullback,5,gini,0.49398744106292725
DistributionPullback,6,gini,0.40491220355033875
DistributionPullback,7,gini,0.5241773724555969
DistributionPullback,8,gini,0.44374558329582214
DistributionPullback,9,gini,0.489573210477829
DistributionPullback,10,gini,0.44010329246520996
DistributionPullback,11,gini,0.42453375458717346
DistributionPullback,12,gini,0.43492889404296875
DistributionPullback,13,gini,0.6209016442298889
DistributionPullback,14,gini,0.4480978548526764
DistributionPullback,15,gini,0.639924168586731
DistributionPullback,16,gini,0.4819207787513733
DistributionPullback,17,gini,0.4384584426879883
DistributionPullback,18,gini,0.4522092640399933
DistributionPullback,19,gini,0.4796425998210907
DistributionPullback,20,gini,0.44984498620033264
DistributionPullback,21,gini,0.43750688433647156
DistributionPullback,22,gini,0.455287903547287
DistributionPullback,23,gini,0.5251156091690063
DistributionPullback,24,gini,0.4797822833061218
DistributionPullback,25,gini,0.470456063747406
DistributionPullback,26,gini,0.41300439834594727
DistributionPullback,27,gini,0.414523184299469
DistributionPullback,28,gini,0.41859546303749084
DistributionPullback,29,gini,0.42438337206840515
DistributionPullback,30,gini,0.42892730236053467
DistributionPullback,31,gini,0.3890627324581146
DistributionPullback,32,gini,0.4237980842590332
DistributionPullback,33,gini,0.4766346216201782
DistributionPullback,34,gini,0.3874577581882477
DistributionPullback,35,gini,0.409890741109848
DistributionPullback,36,gini,0.4458671808242798
DistributionPullback,37,gini,0.4615909457206726
DistributionPullback,38,gini,0.4178454875946045
DistributionPullback,39,gini,0.5342523455619812
DistributionPullback,40,gini,0.40627866983413696
DistributionPullback,41,gini,0.39954066276550293
DistributionPullback,42,gini,0.39124587178230286
DistributionPullback,43,gini,0.4822854697704315
DistributionPullback,44,gini,0.4535331726074219
DistributionPullback,45,gini,0.45162272453308105
DistributionPullback,46,gini,0.4038218557834625
DistributionPullback,47,gini,0.4250573217868805
DistributionPullback,48,gini,0.4967581331729889
DistributionPullback,49,gini,0.44224196672439575
DistributionPullback,50,gini,0.47738391160964966
DistributionPullback,51,gini,0.47357290983200073
DistributionPullback,52,gini,0.4074759781360626
DistributionPullback,53,gini,0.5372108817100525
DistributionPullback,54,gini,0.45888593792915344
DistributionPullback,55,gini,0.4775090217590332
DistributionPullback,56,gini,0.469973087310791
DistributionPullback,57,gini,0.453512579202652
DistributionPullback,58,gini,0.5644830465316772
DistributionPullback,59,gini,0.46636533737182617
DistributionPullback,60,gini,0.4055540859699249
DistributionPullback,61,gini,0.4836149513721466
DistributionPullback,62,gini,0.4697275459766388
DistributionPullback,63,gini,0.46008333563804626
DistributionPullback,0,spatial_entropy,0.9724310636520386
DistributionPullback,1,spatial_entropy,0.9658434987068176
DistributionPullback,2,spatial_entropy,0.9739275574684143
DistributionPullback,3,spatial_entropy,0.966485857963562
DistributionPullback,4,spatial_entropy,0.9755899310112
DistributionPullback,5,spatial_entropy,0.961063027381897
DistributionPullback,6,spatial_entropy,0.9742602109909058
DistributionPullback,7,spatial_entropy,0.9539749026298523
DistributionPullback,8,spatial_entropy,0.9682005047798157
DistributionPullback,9,spatial_entropy,0.9607985019683838
DistributionPullback,10,spatial_entropy,0.9691550731658936
DistributionPullback,11,spatial_entropy,0.9713573455810547
DistributionPullback,12,spatial_entropy,0.9691306352615356
DistributionPullback,13,spatial_entropy,0.9339882731437683
DistributionPullback,14,spatial_entropy,0.9674093723297119
DistributionPullback,15,spatial_entropy,0.9251635670661926
DistributionPullback,16,spatial_entropy,0.9624223709106445
DistributionPullback,17,spatial_entropy,0.9698103070259094
DistributionPullback,18,spatial_entropy,0.9666673541069031
DistributionPullback,19,spatial_entropy,0.9635892510414124
DistributionPullback,20,spatial_entropy,0.9677077531814575
DistributionPullback,21,spatial_entropy,0.9692389965057373
DistributionPullback,22,spatial_entropy,0.9656659364700317
DistributionPullback,23,spatial_entropy,0.9527797698974609
DistributionPullback,24,spatial_entropy,0.962669312953949
DistributionPullback,25,spatial_entropy,0.9613214135169983
DistributionPullback,26,spatial_entropy,0.973162829875946
DistributionPullback,27,spatial_entropy,0.9728378653526306
DistributionPullback,28,spatial_entropy,0.9726698398590088
DistributionPullback,29,spatial_entropy,0.972065269947052
DistributionPullback,30,spatial_entropy,0.9704504013061523
DistributionPullback,31,spatial_entropy,0.9763022661209106
DistributionPullback,32,spatial_entropy,0.9717171788215637
DistributionPullback,33,spatial_entropy,0.9548040628433228
DistributionPullback,34,spatial_entropy,0.9764584898948669
DistributionPullback,35,spatial_entropy,0.9738646149635315
DistributionPullback,36,spatial_entropy,0.9684504270553589
DistributionPullback,37,spatial_entropy,0.9666709303855896
DistributionPullback,38,spatial_entropy,0.9725785851478577
DistributionPullback,39,spatial_entropy,0.953436017036438
DistributionPullback,40,spatial_entropy,0.9735695719718933
DistributionPullback,41,spatial_entropy,0.9747104048728943
DistributionPullback,42,spatial_entropy,0.9756962656974792
DistributionPullback,43,spatial_entropy,0.9594868421554565
DistributionPullback,44,spatial_entropy,0.9675344228744507
DistributionPullback,45,spatial_entropy,0.9674555659294128
DistributionPullback,46,spatial_entropy,0.9745683073997498
DistributionPullback,47,spatial_entropy,0.9712808132171631
DistributionPullback,48,spatial_entropy,0.9601338505744934
DistributionPullback,49,spatial_entropy,0.9683484435081482
DistributionPullback,50,spatial_entropy,0.9632817506790161
DistributionPullback,51,spatial_entropy,0.9644059538841248
DistributionPullback,52,spatial_entropy,0.973566472530365
DistributionPullback,53,spatial_entropy,0.9527767896652222
DistributionPullback,54,spatial_entropy,0.9659900665283203
DistributionPullback,55,spatial_entropy,0.9619209170341492
DistributionPullback,56,spatial_entropy,0.96431964635849
DistributionPullback,57,spatial_entropy,0.9668694734573364
DistributionPullback,58,spatial_entropy,0.9472501873970032
DistributionPullback,59,spatial_entropy,0.9652341604232788
DistributionPullback,60,spatial_entropy,0.9738309979438782
DistributionPullback,61,spatial_entropy,0.9621570110321045
DistributionPullback,62,spatial_entropy,0.9642161130905151
DistributionPullback,63,spatial_entropy,0.9646777510643005
DistributionPullback,0,effective_support,0.7420143485069275
DistributionPullback,1,effective_support,0.6909512281417847
DistributionPullback,2,effective_support,0.754130482673645
DistributionPullback,3,effective_support,0.6957719922065735
DistributionPullback,4,effective_support,0.7678220868110657
DistributionPullback,5,effective_support,0.6561104655265808
DistributionPullback,6,effective_support,0.7568507194519043
DistributionPullback,7,effective_support,0.6076578497886658
DistributionPullback,8,effective_support,0.7088046073913574
DistributionPullback,9,effective_support,0.654234766960144
DistributionPullback,10,effective_support,0.7161659598350525
DistributionPullback,11,effective_support,0.7334413528442383
DistributionPullback,12,effective_support,0.7159761786460876
DistributionPullback,13,effective_support,0.4894542694091797
DistributionPullback,14,effective_support,0.7027614116668701
DistributionPullback,15,effective_support,0.44486838579177856
DistributionPullback,16,effective_support,0.6658350229263306
DistributionPullback,17,effective_support,0.7212628126144409
DistributionPullback,18,effective_support,0.6971402168273926
DistributionPullback,19,effective_support,0.6742972731590271
DistributionPullback,20,effective_support,0.7050344347953796
DistributionPullback,21,effective_support,0.7168167233467102
DistributionPullback,22,effective_support,0.6896247267723083
DistributionPullback,23,effective_support,0.5998482704162598
DistributionPullback,24,effective_support,0.6676168441772461
DistributionPullback,25,effective_support,0.6579477190971375
DistributionPullback,26,effective_support,0.7479143738746643
DistributionPullback,27,effective_support,0.7452887892723083
DistributionPullback,28,effective_support,0.743934690952301
DistributionPullback,29,effective_support,0.7390825748443604
DistributionPullback,30,effective_support,0.7262768149375916
DistributionPullback,31,effective_support,0.7737646102905273
DistributionPullback,32,effective_support,0.7363030314445496
DistributionPullback,33,effective_support,0.6131356358528137
DistributionPullback,34,effective_support,0.7750741839408875
DistributionPullback,35,effective_support,0.7536171078681946
DistributionPullback,36,effective_support,0.7107244729995728
DistributionPullback,37,effective_support,0.6971669793128967
DistributionPullback,38,effective_support,0.74319988489151
DistributionPullback,39,effective_support,0.6041240692138672
DistributionPullback,40,effective_support,0.751214325428009
DistributionPullback,41,effective_support,0.7605474591255188
DistributionPullback,42,effective_support,0.7687062621116638
DistributionPullback,43,effective_support,0.645012617111206
DistributionPullback,44,effective_support,0.703713059425354
DistributionPullback,45,effective_support,0.703112781047821
DistributionPullback,46,effective_support,0.7593789100646973
DistributionPullback,47,effective_support,0.7328341007232666
DistributionPullback,48,effective_support,0.6495450735092163
DistributionPullback,49,effective_support,0.7099403738975525
DistributionPullback,50,effective_support,0.6720566749572754
DistributionPullback,51,effective_support,0.6802840232849121
DistributionPullback,52,effective_support,0.7511889934539795
DistributionPullback,53,effective_support,0.5998288989067078
DistributionPullback,54,effective_support,0.6920483112335205
DistributionPullback,55,effective_support,0.6622308492660522
DistributionPullback,56,effective_support,0.6796488761901855
DistributionPullback,57,effective_support,0.6986668109893799
DistributionPullback,58,effective_support,0.5650015473365784
DistributionPullback,59,effective_support,0.6864097118377686
DistributionPullback,60,effective_support,0.7533426880836487
DistributionPullback,61,effective_support,0.6639253497123718
DistributionPullback,62,effective_support,0.6788878440856934
DistributionPullback,63,effective_support,0.6822881102561951
DistributionPullback,0,top1pct_mass,0.05920885130763054
DistributionPullback,1,top1pct_mass,0.06272096931934357
DistributionPullback,2,top1pct_mass,0.052116379141807556
DistributionPullback,3,top1pct_mass,0.0646289810538292
DistributionPullback,4,top1pct_mass,0.05221150070428848
DistributionPullback,5,top1pct_mass,0.06878787279129028
DistributionPullback,6,top1pct_mass,0.05397831276059151
DistributionPullback,7,top1pct_mass,0.08493161201477051
DistributionPullback,8,top1pct_mass,0.06604382395744324
DistributionPullback,9,top1pct_mass,0.07634034752845764
DistributionPullback,10,top1pct_mass,0.06077457219362259
DistributionPullback,11,top1pct_mass,0.059184685349464417
DistributionPullback,12,top1pct_mass,0.06723394244909286
DistributionPullback,13,top1pct_mass,0.10453549772500992
DistributionPullback,14,top1pct_mass,0.06767600029706955
DistributionPullback,15,top1pct_mass,0.12785716354846954
DistributionPullback,16,top1pct_mass,0.07275564968585968
DistributionPullback,17,top1pct_mass,0.05750051140785217
DistributionPullback,18,top1pct_mass,0.06927191466093063
DistributionPullback,19,top1pct_mass,0.061102308332920074
DistributionPullback,20,top1pct_mass,0.0636884793639183
DistributionPullback,21,top1pct_mass,0.06418439000844955
DistributionPullback,22,top1pct_mass,0.07336462289094925
DistributionPullback,23,top1pct_mass,0.09232009947299957
DistributionPullback,24,top1pct_mass,0.07167496532201767
DistributionPullback,25,top1pct_mass,0.09072426706552505
DistributionPullback,26,top1pct_mass,0.05533843860030174
DistributionPullback,27,top1pct_mass,0.0566411167383194
DistributionPullback,28,top1pct_mass,0.05393019691109657
DistributionPullback,29,top1pct_mass,0.05162956193089485
DistributionPullback,30,top1pct_mass,0.0624195858836174
DistributionPullback,31,top1pct_mass,0.05165979638695717
DistributionPullback,32,top1pct_mass,0.0573127381503582
DistributionPullback,33,top1pct_mass,0.12379871308803558
DistributionPullback,34,top1pct_mass,0.052303969860076904
DistributionPullback,35,top1pct_mass,0.05209798365831375
DistributionPullback,36,top1pct_mass,0.060583923012018204
DistributionPullback,37,top1pct_mass,0.0581200048327446
DistributionPullback,38,top1pct_mass,0.055654242634773254
DistributionPullback,39,top1pct_mass,0.07985831797122955
DistributionPullback,40,top1pct_mass,0.059672169387340546
DistributionPullback,41,top1pct_mass,0.05569383502006531
DistributionPullback,42,top1pct_mass,0.054931849241256714
DistributionPullback,43,top1pct_mass,0.0899377316236496
DistributionPullback,44,top1pct_mass,0.060730695724487305
DistributionPullback,45,top1pct_mass,0.06355219334363937
DistributionPullback,46,top1pct_mass,0.052596934139728546
DistributionPullback,47,top1pct_mass,0.05983178690075874
DistributionPullback,48,top1pct_mass,0.07146292179822922
DistributionPullback,49,top1pct_mass,0.0659114196896553
DistributionPullback,50,top1pct_mass,0.06921039521694183
DistributionPullback,51,top1pct_mass,0.06434449553489685
DistributionPullback,52,top1pct_mass,0.057215698063373566
DistributionPullback,53,top1pct_mass,0.08048275113105774
DistributionPullback,54,top1pct_mass,0.06671901792287827
DistributionPullback,55,top1pct_mass,0.08002133667469025
DistributionPullback,56,top1pct_mass,0.06849271059036255
DistributionPullback,57,top1pct_mass,0.06581403315067291
DistributionPullback,58,top1pct_mass,0.08513558655977249
DistributionPullback,59,top1pct_mass,0.06588578969240189
DistributionPullback,60,top1pct_mass,0.057896483689546585
DistributionPullback,61,top1pct_mass,0.07055465877056122
DistributionPullback,62,top1pct_mass,0.07046093046665192
DistributionPullback,63,top1pct_mass,0.07556460052728653
DistributionPullback,0,top5pct_mass,0.18896344304084778
DistributionPullback,1,top5pct_mass,0.20562134683132172
DistributionPullback,2,top5pct_mass,0.1772470325231552
DistributionPullback,3,top5pct_mass,0.20499804615974426
DistributionPullback,4,top5pct_mass,0.17455890774726868
DistributionPullback,5,top5pct_mass,0.22010622918605804
DistributionPullback,6,top5pct_mass,0.18049798905849457
DistributionPullback,7,top5pct_mass,0.25967276096343994
DistributionPullback,8,top5pct_mass,0.2029675841331482
DistributionPullback,9,top5pct_mass,0.2294032722711563
DistributionPullback,10,top5pct_mass,0.20049729943275452
DistributionPullback,11,top5pct_mass,0.19196674227714539
DistributionPullback,12,top5pct_mass,0.20698945224285126
DistributionPullback,13,top5pct_mass,0.30903682112693787
DistributionPullback,14,top5pct_mass,0.21040837466716766
DistributionPullback,15,top5pct_mass,0.3603121340274811
DistributionPullback,16,top5pct_mass,0.21871815621852875
DistributionPullback,17,top5pct_mass,0.19205425679683685
DistributionPullback,18,top5pct_mass,0.21218280494213104
DistributionPullback,19,top5pct_mass,0.20065903663635254
DistributionPullback,20,top5pct_mass,0.2034941166639328
DistributionPullback,21,top5pct_mass,0.20199137926101685
DistributionPullback,22,top5pct_mass,0.21981868147850037
DistributionPullback,23,top5pct_mass,0.2683202028274536
DistributionPullback,24,top5pct_mass,0.22235983610153198
DistributionPullback,25,top5pct_mass,0.24268533289432526
DistributionPullback,26,top5pct_mass,0.1834925413131714
DistributionPullback,27,top5pct_mass,0.18579542636871338
DistributionPullback,28,top5pct_mass,0.1792348474264145
DistributionPullback,29,top5pct_mass,0.18010815978050232
DistributionPullback,30,top5pct_mass,0.1990426927804947
DistributionPullback,31,top5pct_mass,0.17373408377170563
DistributionPullback,32,top5pct_mass,0.18824206292629242
DistributionPullback,33,top5pct_mass,0.25886183977127075
DistributionPullback,34,top5pct_mass,0.17211633920669556
DistributionPullback,35,top5pct_mass,0.17864039540290833
DistributionPullback,36,top5pct_mass,0.20222355425357819
DistributionPullback,37,top5pct_mass,0.19964508712291718
DistributionPullback,38,top5pct_mass,0.18578600883483887
DistributionPullback,39,top5pct_mass,0.24723109602928162
DistributionPullback,40,top5pct_mass,0.18580585718154907
DistributionPullback,41,top5pct_mass,0.1801188588142395
DistributionPullback,42,top5pct_mass,0.17695237696170807
DistributionPullback,43,top5pct_mass,0.2503978908061981
DistributionPullback,44,top5pct_mass,0.20070615410804749
DistributionPullback,45,top5pct_mass,0.2050294280052185
DistributionPullback,46,top5pct_mass,0.17537085711956024
DistributionPullback,47,top5pct_mass,0.19139254093170166
DistributionPullback,48,top5pct_mass,0.22980403900146484
DistributionPullback,49,top5pct_mass,0.20466169714927673
DistributionPullback,50,top5pct_mass,0.21900908648967743
DistributionPullback,51,top5pct_mass,0.21137361228466034
DistributionPullback,52,top5pct_mass,0.18642839789390564
DistributionPullback,53,top5pct_mass,0.24958941340446472
DistributionPullback,54,top5pct_mass,0.21491417288780212
DistributionPullback,55,top5pct_mass,0.23248082399368286
DistributionPullback,56,top5pct_mass,0.21731910109519958
DistributionPullback,57,top5pct_mass,0.2074282467365265
DistributionPullback,58,top5pct_mass,0.26828432083129883
DistributionPullback,59,top5pct_mass,0.20969825983047485
DistributionPullback,60,top5pct_mass,0.18323670327663422
DistributionPullback,61,top5pct_mass,0.22466428577899933
DistributionPullback,62,top5pct_mass,0.21633203327655792
DistributionPullback,63,top5pct_mass,0.22664955258369446
DistributionPullback,0,total_variation,0.5672390460968018
DistributionPullback,1,total_variation,0.5738636255264282
DistributionPullback,2,total_variation,0.5738102197647095
DistributionPullback,3,total_variation,0.534037709236145
DistributionPullback,4,total_variation,0.555493950843811
DistributionPullback,5,total_variation,0.5332518815994263
DistributionPullback,6,total_variation,0.5803093314170837
DistributionPullback,7,total_variation,0.5000039339065552
DistributionPullback,8,total_variation,0.4993816018104553
DistributionPullback,9,total_variation,0.5020066499710083
DistributionPullback,10,total_variation,0.534183144569397
DistributionPullback,11,total_variation,0.590449333190918
DistributionPullback,12,total_variation,0.5226098299026489
DistributionPullback,13,total_variation,0.5116207599639893
DistributionPullback,14,total_variation,0.5487886667251587
DistributionPullback,15,total_variation,0.5401982069015503
DistributionPullback,16,total_variation,0.5324894189834595
DistributionPullback,17,total_variation,0.554987907409668
DistributionPullback,18,total_variation,0.49753648042678833
DistributionPullback,19,total_variation,0.5317206382751465
DistributionPullback,20,total_variation,0.5487688779830933
DistributionPullback,21,total_variation,0.593212366104126
DistributionPullback,22,total_variation,0.5026810169219971
DistributionPullback,23,total_variation,0.50581294298172
DistributionPullback,24,total_variation,0.5537625551223755
DistributionPullback,25,total_variation,0.5390766859054565
DistributionPullback,26,total_variation,0.5433593988418579
DistributionPullback,27,total_variation,0.5501893162727356
DistributionPullback,28,total_variation,0.4617062509059906
DistributionPullback,29,total_variation,0.5155481100082397
DistributionPullback,30,total_variation,0.5120899081230164
DistributionPullback,31,total_variation,0.5071837902069092
DistributionPullback,32,total_variation,0.5513174533843994
DistributionPullback,33,total_variation,0.4756241738796234
DistributionPullback,34,total_variation,0.5524672269821167
DistributionPullback,35,total_variation,0.5786368250846863
DistributionPullback,36,total_variation,0.5747556686401367
DistributionPullback,37,total_variation,0.47744736075401306
DistributionPullback,38,total_variation,0.5720186233520508
DistributionPullback,39,total_variation,0.5439019203186035
DistributionPullback,40,total_variation,0.504376232624054
DistributionPullback,41,total_variation,0.5204418897628784
DistributionPullback,42,total_variation,0.5696765184402466
DistributionPullback,43,total_variation,0.5335744619369507
DistributionPullback,44,total_variation,0.557607114315033
DistributionPullback,45,total_variation,0.5009128451347351
DistributionPullback,46,total_variation,0.5046631097793579
DistributionPullback,47,total_variation,0.47072070837020874
DistributionPullback,48,total_variation,0.555514931678772
DistributionPullback,49,total_variation,0.5229430198669434
DistributionPullback,50,total_variation,0.5517926812171936
DistributionPullback,51,total_variation,0.5247329473495483
DistributionPullback,52,total_variation,0.562946081161499
DistributionPullback,53,total_variation,0.558619499206543
DistributionPullback,54,total_variation,0.543892502784729
DistributionPullback,55,total_variation,0.5272966623306274
DistributionPullback,56,total_variation,0.5365296602249146
DistributionPullback,57,total_variation,0.5185840129852295
DistributionPullback,58,total_variation,0.5536289215087891
DistributionPullback,59,total_variation,0.5810158252716064
DistributionPullback,60,total_variation,0.55096834897995
DistributionPullback,61,total_variation,0.4824840724468231
DistributionPullback,62,total_variation,0.5198459029197693
DistributionPullback,63,total_variation,0.5671414732933044
DistributionPullback,0,channel_cancellation,0.1879679560661316
DistributionPullback,1,channel_cancellation,0.18290317058563232
DistributionPullback,2,channel_cancellation,0.20441561937332153
DistributionPullback,3,channel_cancellation,0.20030438899993896
DistributionPullback,4,channel_cancellation,0.18235057592391968
DistributionPullback,5,channel_cancellation,0.21973049640655518
DistributionPullback,6,channel_cancellation,0.17606288194656372
DistributionPullback,7,channel_cancellation,0.2401139736175537
DistributionPullback,8,channel_cancellation,0.20820415019989014
DistributionPullback,9,channel_cancellation,0.18265211582183838
DistributionPullback,10,channel_cancellation,0.19695401191711426
DistributionPullback,11,channel_cancellation,0.15154224634170532
DistributionPullback,12,channel_cancellation,0.19699960947036743
DistributionPullback,13,channel_cancellation,0.19229161739349365
DistributionPullback,14,channel_cancellation,0.17235881090164185
DistributionPullback,15,channel_cancellation,0.21514892578125
DistributionPullback,16,channel_cancellation,0.24768805503845215
DistributionPullback,17,channel_cancellation,0.17783337831497192
DistributionPullback,18,channel_cancellation,0.18303900957107544
DistributionPullback,19,channel_cancellation,0.21313637495040894
DistributionPullback,20,channel_cancellation,0.19357752799987793
DistributionPullback,21,channel_cancellation,0.14582926034927368
DistributionPullback,22,channel_cancellation,0.18203884363174438
DistributionPullback,23,channel_cancellation,0.224964439868927
DistributionPullback,24,channel_cancellation,0.19711291790008545
DistributionPullback,25,channel_cancellation,0.2082931399345398
DistributionPullback,26,channel_cancellation,0.1893441081047058
DistributionPullback,27,channel_cancellation,0.20390355587005615
DistributionPullback,28,channel_cancellation,0.24206244945526123
DistributionPullback,29,channel_cancellation,0.18671053647994995
DistributionPullback,30,channel_cancellation,0.2154405117034912
DistributionPullback,31,channel_cancellation,0.2129557728767395
DistributionPullback,32,channel_cancellation,0.19938558340072632
DistributionPullback,33,channel_cancellation,0.20272326469421387
DistributionPullback,34,channel_cancellation,0.19130194187164307
DistributionPullback,35,channel_cancellation,0.1650940179824829
DistributionPullback,36,channel_cancellation,0.1708592176437378
DistributionPullback,37,channel_cancellation,0.2695743441581726
DistributionPullback,38,channel_cancellation,0.15624481439590454
DistributionPullback,39,channel_cancellation,0.19504863023757935
DistributionPullback,40,channel_cancellation,0.23463422060012817
DistributionPullback,41,channel_cancellation,0.22745776176452637
DistributionPullback,42,channel_cancellation,0.18888366222381592
DistributionPullback,43,channel_cancellation,0.23388630151748657
DistributionPullback,44,channel_cancellation,0.184181809425354
DistributionPullback,45,channel_cancellation,0.17534685134887695
DistributionPullback,46,channel_cancellation,0.2391147017478943
DistributionPullback,47,channel_cancellation,0.20697343349456787
DistributionPullback,48,channel_cancellation,0.1998046636581421
DistributionPullback,49,channel_cancellation,0.2313753366470337
DistributionPullback,50,channel_cancellation,0.16695070266723633
DistributionPullback,51,channel_cancellation,0.20653146505355835
DistributionPullback,52,channel_cancellation,0.19281351566314697
DistributionPullback,53,channel_cancellation,0.1893187165260315
DistributionPullback,54,channel_cancellation,0.23590195178985596
DistributionPullback,55,channel_cancellation,0.18995600938796997
DistributionPullback,56,channel_cancellation,0.19741201400756836
DistributionPullback,57,channel_cancellation,0.174790620803833
DistributionPullback,58,channel_cancellation,0.16785669326782227
DistributionPullback,59,channel_cancellation,0.15927034616470337
DistributionPullback,60,channel_cancellation,0.20207804441452026
DistributionPullback,61,channel_cancellation,0.184778094291687
DistributionPullback,62,channel_cancellation,0.16948437690734863
DistributionPullback,63,channel_cancellation,0.1916397213935852
MarginPullback,0,gini,0.41677534580230713
MarginPullback,1,gini,0.4638635516166687
MarginPullback,2,gini,0.39274364709854126
MarginPullback,3,gini,0.5411477088928223
MarginPullback,4,gini,0.3937319815158844
MarginPullback,5,gini,0.4806090295314789
MarginPullback,6,gini,0.4233596920967102
MarginPullback,7,gini,0.45730650424957275
MarginPullback,8,gini,0.4655478596687317
MarginPullback,9,gini,0.4811357855796814
MarginPullback,10,gini,0.47845014929771423
MarginPullback,11,gini,0.40680640935897827
MarginPullback,12,gini,0.46118810772895813
MarginPullback,13,gini,0.6744868755340576
MarginPullback,14,gini,0.442105770111084
MarginPullback,15,gini,0.666717529296875
MarginPullback,16,gini,0.4573576748371124
MarginPullback,17,gini,0.47005924582481384
MarginPullback,18,gini,0.4719350337982178
MarginPullback,19,gini,0.5443156361579895
MarginPullback,20,gini,0.4888254702091217
MarginPullback,21,gini,0.49601301550865173
MarginPullback,22,gini,0.47000643610954285
MarginPullback,23,gini,0.4793342649936676
MarginPullback,24,gini,0.4608675539493561
MarginPullback,25,gini,0.5341950058937073
MarginPullback,26,gini,0.4034741520881653
MarginPullback,27,gini,0.4028150737285614
MarginPullback,28,gini,0.4087376296520233
MarginPullback,29,gini,0.4207026958465576
MarginPullback,30,gini,0.41949358582496643
MarginPullback,31,gini,0.39574119448661804
MarginPullback,32,gini,0.4110005795955658
MarginPullback,33,gini,0.4985910654067993
MarginPullback,34,gini,0.38845929503440857
MarginPullback,35,gini,0.39588993787765503
MarginPullback,36,gini,0.44380611181259155
MarginPullback,37,gini,0.4440023899078369
MarginPullback,38,gini,0.42698055505752563
MarginPullback,39,gini,0.5772232413291931
MarginPullback,40,gini,0.4180237650871277
MarginPullback,41,gini,0.4025590121746063
MarginPullback,42,gini,0.39324697852134705
MarginPullback,43,gini,0.4780290126800537
MarginPullback,44,gini,0.46825075149536133
MarginPullback,45,gini,0.49703294038772583
MarginPullback,46,gini,0.40927064418792725
MarginPullback,47,gini,0.4392104744911194
MarginPullback,48,gini,0.5659111142158508
MarginPullback,49,gini,0.4021153151988983
MarginPullback,50,gini,0.5009146332740784
MarginPullback,51,gini,0.48799625039100647
MarginPullback,52,gini,0.4351215660572052
MarginPullback,53,gini,0.5026209950447083
MarginPullback,54,gini,0.509292483329773
MarginPullback,55,gini,0.6493263244628906
MarginPullback,56,gini,0.4916444420814514
MarginPullback,57,gini,0.4563590884208679
MarginPullback,58,gini,0.6079302430152893
MarginPullback,59,gini,0.4763507843017578
MarginPullback,60,gini,0.4001883268356323
MarginPullback,61,gini,0.4385267198085785
MarginPullback,62,gini,0.48027169704437256
MarginPullback,63,gini,0.48897382616996765
MarginPullback,0,spatial_entropy,0.9725528359413147
MarginPullback,1,spatial_entropy,0.9654124975204468
MarginPullback,2,spatial_entropy,0.9759784936904907
MarginPullback,3,spatial_entropy,0.9518686532974243
MarginPullback,4,spatial_entropy,0.975788950920105
MarginPullback,5,spatial_entropy,0.9626114964485168
MarginPullback,6,spatial_entropy,0.9715497493743896
MarginPullback,7,spatial_entropy,0.966332733631134
MarginPullback,8,spatial_entropy,0.9648324251174927
MarginPullback,9,spatial_entropy,0.9620571136474609
MarginPullback,10,spatial_entropy,0.9626753926277161
MarginPullback,11,spatial_entropy,0.9738171100616455
MarginPullback,12,spatial_entropy,0.9631250500679016
MarginPullback,13,spatial_entropy,0.9201351404190063
MarginPullback,14,spatial_entropy,0.9680913686752319
MarginPullback,15,spatial_entropy,0.9166183471679688
MarginPullback,16,spatial_entropy,0.9672553539276123
MarginPullback,17,spatial_entropy,0.9641671776771545
MarginPullback,18,spatial_entropy,0.9638107419013977
MarginPullback,19,spatial_entropy,0.952154278755188
MarginPullback,20,spatial_entropy,0.9595887660980225
MarginPullback,21,spatial_entropy,0.959734320640564
MarginPullback,22,spatial_entropy,0.9630334973335266
MarginPullback,23,spatial_entropy,0.9618836641311646
MarginPullback,24,spatial_entropy,0.9643996953964233
MarginPullback,25,spatial_entropy,0.9494310617446899
MarginPullback,26,spatial_entropy,0.9735931754112244
MarginPullback,27,spatial_entropy,0.9744024872779846
MarginPullback,28,spatial_entropy,0.9740872979164124
MarginPullback,29,spatial_entropy,0.9725905060768127
MarginPullback,30,spatial_entropy,0.971889317035675
MarginPullback,31,spatial_entropy,0.975517749786377
MarginPullback,32,spatial_entropy,0.973607063293457
MarginPullback,33,spatial_entropy,0.9533141255378723
MarginPullback,34,spatial_entropy,0.9764903783798218
MarginPullback,35,spatial_entropy,0.9756765365600586
MarginPullback,36,spatial_entropy,0.9688690304756165
MarginPullback,37,spatial_entropy,0.9689207077026367
MarginPullback,38,spatial_entropy,0.9710994362831116
MarginPullback,39,spatial_entropy,0.9442830681800842
MarginPullback,40,spatial_entropy,0.9719668626785278
MarginPullback,41,spatial_entropy,0.974425196647644
MarginPullback,42,spatial_entropy,0.975540280342102
MarginPullback,43,spatial_entropy,0.9612149596214294
MarginPullback,44,spatial_entropy,0.964804470539093
MarginPullback,45,spatial_entropy,0.95991051197052
MarginPullback,46,spatial_entropy,0.9735596179962158
MarginPullback,47,spatial_entropy,0.9696166515350342
MarginPullback,48,spatial_entropy,0.9467688202857971
MarginPullback,49,spatial_entropy,0.9746896624565125
MarginPullback,50,spatial_entropy,0.9588609933853149
MarginPullback,51,spatial_entropy,0.9615981578826904
MarginPullback,52,spatial_entropy,0.9696383476257324
MarginPullback,53,spatial_entropy,0.9586078524589539
MarginPullback,54,spatial_entropy,0.9565816521644592
MarginPullback,55,spatial_entropy,0.9237455725669861
MarginPullback,56,spatial_entropy,0.9590798020362854
MarginPullback,57,spatial_entropy,0.9663893580436707
MarginPullback,58,spatial_entropy,0.9390484690666199
MarginPullback,59,spatial_entropy,0.9637669324874878
MarginPullback,60,spatial_entropy,0.9745239615440369
MarginPullback,61,spatial_entropy,0.9691587686538696
MarginPullback,62,spatial_entropy,0.9625102281570435
MarginPullback,63,spatial_entropy,0.9601230621337891
MarginPullback,0,effective_support,0.7429931163787842
MarginPullback,1,effective_support,0.687735915184021
MarginPullback,2,effective_support,0.7710579633712769
MarginPullback,3,effective_support,0.5939620733261108
MarginPullback,4,effective_support,0.7694775462150574
MarginPullback,5,effective_support,0.6671991348266602
MarginPullback,6,effective_support,0.7349701523780823
MarginPullback,7,effective_support,0.6946198344230652
MarginPullback,8,effective_support,0.6834315061569214
MarginPullback,9,effective_support,0.6632077097892761
MarginPullback,10,effective_support,0.6676605343818665
MarginPullback,11,effective_support,0.7532296180725098
MarginPullback,12,effective_support,0.6709181070327759
MarginPullback,13,effective_support,0.42130398750305176
MarginPullback,14,effective_support,0.7079678773880005
MarginPullback,15,effective_support,0.4055691957473755
MarginPullback,16,effective_support,0.701590895652771
MarginPullback,17,effective_support,0.6785284280776978
MarginPullback,18,effective_support,0.6759158372879028
MarginPullback,19,effective_support,0.5958012342453003
MarginPullback,20,effective_support,0.6457241773605347
MarginPullback,21,effective_support,0.646742582321167
MarginPullback,22,effective_support,0.6702536940574646
MarginPullback,23,effective_support,0.6619638204574585
MarginPullback,24,effective_support,0.6802381277084351
MarginPullback,25,effective_support,0.5784966349601746
MarginPullback,26,effective_support,0.7514065504074097
MarginPullback,27,effective_support,0.7580173015594482
MarginPullback,28,effective_support,0.7554356455802917
MarginPullback,29,effective_support,0.7432961463928223
MarginPullback,30,effective_support,0.7376764416694641
MarginPullback,31,effective_support,0.7672224044799805
MarginPullback,32,effective_support,0.7515192627906799
MarginPullback,33,effective_support,0.6033275127410889
MarginPullback,34,effective_support,0.7753416299819946
MarginPullback,35,effective_support,0.7685421705245972
MarginPullback,36,effective_support,0.7139519453048706
MarginPullback,37,effective_support,0.7143513560295105
MarginPullback,38,effective_support,0.7313967347145081
MarginPullback,39,effective_support,0.547145426273346
MarginPullback,40,effective_support,0.7382959723472595
MarginPullback,41,effective_support,0.7582032084465027
MarginPullback,42,effective_support,0.7674095630645752
MarginPullback,43,effective_support,0.6571900248527527
MarginPullback,44,effective_support,0.6832245588302612
MarginPullback,45,effective_support,0.6479767560958862
MarginPullback,46,effective_support,0.7511334419250488
MarginPullback,47,effective_support,0.7197524905204773
MarginPullback,48,effective_support,0.5620657801628113
MarginPullback,49,effective_support,0.760377049446106
MarginPullback,50,effective_support,0.6406578421592712
MarginPullback,51,effective_support,0.6599217057228088
MarginPullback,52,effective_support,0.7199214100837708
MarginPullback,53,effective_support,0.6389052867889404
MarginPullback,54,effective_support,0.6250462532043457
MarginPullback,55,effective_support,0.438092976808548
MarginPullback,56,effective_support,0.6421770453453064
MarginPullback,57,effective_support,0.6950457096099854
MarginPullback,58,effective_support,0.5170084238052368
MarginPullback,59,effective_support,0.6755951046943665
MarginPullback,60,effective_support,0.7590141296386719
MarginPullback,61,effective_support,0.7161943912506104
MarginPullback,62,effective_support,0.6664682626724243
MarginPullback,63,effective_support,0.6494694948196411
MarginPullback,0,top1pct_mass,0.056973859667778015
MarginPullback,1,top1pct_mass,0.06806416064500809
MarginPullback,2,top1pct_mass,0.050869353115558624
MarginPullback,3,top1pct_mass,0.08060792833566666
MarginPullback,4,top1pct_mass,0.05164108797907829
MarginPullback,5,top1pct_mass,0.07025416195392609
MarginPullback,6,top1pct_mass,0.058728400617837906
MarginPullback,7,top1pct_mass,0.0657055452466011
MarginPullback,8,top1pct_mass,0.06938642263412476
MarginPullback,9,top1pct_mass,0.07608283311128616
MarginPullback,10,top1pct_mass,0.07270818203687668
MarginPullback,11,top1pct_mass,0.05599965527653694
MarginPullback,12,top1pct_mass,0.08742613345384598
MarginPullback,13,top1pct_mass,0.11714471131563187
MarginPullback,14,top1pct_mass,0.06891481578350067
MarginPullback,15,top1pct_mass,0.14483793079853058
MarginPullback,16,top1pct_mass,0.059107158333063126
MarginPullback,17,top1pct_mass,0.07107515633106232
MarginPullback,18,top1pct_mass,0.07091779261827469
MarginPullback,19,top1pct_mass,0.074180968105793
MarginPullback,20,top1pct_mass,0.08335258811712265
MarginPullback,21,top1pct_mass,0.07582066208124161
MarginPullback,22,top1pct_mass,0.07903055101633072
MarginPullback,23,top1pct_mass,0.07807686924934387
MarginPullback,24,top1pct_mass,0.07850591093301773
MarginPullback,25,top1pct_mass,0.10200267285108566
MarginPullback,26,top1pct_mass,0.06203990802168846
MarginPullback,27,top1pct_mass,0.05505409464240074
MarginPullback,28,top1pct_mass,0.051382750272750854
MarginPullback,29,top1pct_mass,0.051356688141822815
MarginPullback,30,top1pct_mass,0.05945392698049545
MarginPullback,31,top1pct_mass,0.05235396698117256
MarginPullback,32,top1pct_mass,0.053391750901937485
MarginPullback,33,top1pct_mass,0.11270614713430405
MarginPullback,34,top1pct_mass,0.05124165862798691
MarginPullback,35,top1pct_mass,0.05038367956876755
MarginPullback,36,top1pct_mass,0.05997677892446518
MarginPullback,37,top1pct_mass,0.05973656103014946
MarginPullback,38,top1pct_mass,0.058739639818668365
MarginPullback,39,top1pct_mass,0.09112516790628433
MarginPullback,40,top1pct_mass,0.061479926109313965
MarginPullback,41,top1pct_mass,0.05539572983980179
MarginPullback,42,top1pct_mass,0.05430840328335762
MarginPullback,43,top1pct_mass,0.08170182257890701
MarginPullback,44,top1pct_mass,0.06713633239269257
MarginPullback,45,top1pct_mass,0.07396561652421951
MarginPullback,46,top1pct_mass,0.05567359924316406
MarginPullback,47,top1pct_mass,0.05953032895922661
MarginPullback,48,top1pct_mass,0.09113091975450516
MarginPullback,49,top1pct_mass,0.0533604733645916
MarginPullback,50,top1pct_mass,0.0780474916100502
MarginPullback,51,top1pct_mass,0.07080060988664627
MarginPullback,52,top1pct_mass,0.0626431256532669
MarginPullback,53,top1pct_mass,0.07712176442146301
MarginPullback,54,top1pct_mass,0.08311054110527039
MarginPullback,55,top1pct_mass,0.1271325945854187
MarginPullback,56,top1pct_mass,0.08733818680047989
MarginPullback,57,top1pct_mass,0.06735849380493164
MarginPullback,58,top1pct_mass,0.08475957065820694
MarginPullback,59,top1pct_mass,0.06638362258672714
MarginPullback,60,top1pct_mass,0.05709468200802803
MarginPullback,61,top1pct_mass,0.06347765028476715
MarginPullback,62,top1pct_mass,0.07228878140449524
MarginPullback,63,top1pct_mass,0.07872556149959564
MarginPullback,0,top5pct_mass,0.18669502437114716
MarginPullback,1,top5pct_mass,0.2084609866142273
MarginPullback,2,top5pct_mass,0.1726626753807068
MarginPullback,3,top5pct_mass,0.2545156478881836
MarginPullback,4,top5pct_mass,0.17383909225463867
MarginPullback,5,top5pct_mass,0.22316524386405945
MarginPullback,6,top5pct_mass,0.19253948330879211
MarginPullback,7,top5pct_mass,0.21155698597431183
MarginPullback,8,top5pct_mass,0.2175525724887848
MarginPullback,9,top5pct_mass,0.22618655860424042
MarginPullback,10,top5pct_mass,0.22486700117588043
MarginPullback,11,top5pct_mass,0.1839912086725235
MarginPullback,12,top5pct_mass,0.2360019087791443
MarginPullback,13,top5pct_mass,0.3447265326976776
MarginPullback,14,top5pct_mass,0.20839335024356842
MarginPullback,15,top5pct_mass,0.38906899094581604
MarginPullback,16,top5pct_mass,0.19708135724067688
MarginPullback,17,top5pct_mass,0.2161828577518463
MarginPullback,18,top5pct_mass,0.22017188370227814
MarginPullback,19,top5pct_mass,0.23461255431175232
MarginPullback,20,top5pct_mass,0.24510574340820312
MarginPullback,21,top5pct_mass,0.2336122989654541
MarginPullback,22,top5pct_mass,0.2292391061782837
MarginPullback,23,top5pct_mass,0.2310856729745865
MarginPullback,24,top5pct_mass,0.22624526917934418
MarginPullback,25,top5pct_mass,0.289732426404953
MarginPullback,26,top5pct_mass,0.18851473927497864
MarginPullback,27,top5pct_mass,0.18013912439346313
MarginPullback,28,top5pct_mass,0.17455901205539703
MarginPullback,29,top5pct_mass,0.17833369970321655
MarginPullback,30,top5pct_mass,0.19342461228370667
MarginPullback,31,top5pct_mass,0.1753610074520111
MarginPullback,32,top5pct_mass,0.18085074424743652
MarginPullback,33,top5pct_mass,0.2744480073451996
MarginPullback,34,top5pct_mass,0.17005649209022522
MarginPullback,35,top5pct_mass,0.17259909212589264
MarginPullback,36,top5pct_mass,0.1980932056903839
MarginPullback,37,top5pct_mass,0.19691699743270874
MarginPullback,38,top5pct_mass,0.19384415447711945
MarginPullback,39,top5pct_mass,0.27938973903656006
MarginPullback,40,top5pct_mass,0.19241291284561157
MarginPullback,41,top5pct_mass,0.1793605536222458
MarginPullback,42,top5pct_mass,0.17752467095851898
MarginPullback,43,top5pct_mass,0.24165214598178864
MarginPullback,44,top5pct_mass,0.21351724863052368
MarginPullback,45,top5pct_mass,0.22844351828098297
MarginPullback,46,top5pct_mass,0.18305808305740356
MarginPullback,47,top5pct_mass,0.1918317824602127
MarginPullback,48,top5pct_mass,0.2666744291782379
MarginPullback,49,top5pct_mass,0.17758649587631226
MarginPullback,50,top5pct_mass,0.23498225212097168
MarginPullback,51,top5pct_mass,0.22289888560771942
MarginPullback,52,top5pct_mass,0.20078206062316895
MarginPullback,53,top5pct_mass,0.23599210381507874
MarginPullback,54,top5pct_mass,0.2525142431259155
MarginPullback,55,top5pct_mass,0.35885220766067505
MarginPullback,56,top5pct_mass,0.2417127639055252
MarginPullback,57,top5pct_mass,0.21106095612049103
MarginPullback,58,top5pct_mass,0.27791085839271545
MarginPullback,59,top5pct_mass,0.21434921026229858
MarginPullback,60,top5pct_mass,0.1813863068819046
MarginPullback,61,top5pct_mass,0.1998220831155777
MarginPullback,62,top5pct_mass,0.22186808288097382
MarginPullback,63,top5pct_mass,0.24148881435394287
MarginPullback,0,total_variation,0.5660830736160278
MarginPullback,1,total_variation,0.5733362436294556
MarginPullback,2,total_variation,0.5821892023086548
MarginPullback,3,total_variation,0.5554291009902954
MarginPullback,4,total_variation,0.5617316961288452
MarginPullback,5,total_variation,0.5405299067497253
MarginPullback,6,total_variation,0.5713571906089783
MarginPullback,7,total_variation,0.501751184463501
MarginPullback,8,total_variation,0.492749959230423
MarginPullback,9,total_variation,0.501802921295166
MarginPullback,10,total_variation,0.5164928436279297
MarginPullback,11,total_variation,0.5848876237869263
MarginPullback,12,total_variation,0.5266910791397095
MarginPullback,13,total_variation,0.5294973850250244
MarginPullback,14,total_variation,0.551185667514801
MarginPullback,15,total_variation,0.5481147170066833
MarginPullback,16,total_variation,0.5317137837409973
MarginPullback,17,total_variation,0.5465013384819031
MarginPullback,18,total_variation,0.5022640824317932
MarginPullback,19,total_variation,0.5413128137588501
MarginPullback,20,total_variation,0.5838896036148071
MarginPullback,21,total_variation,0.6130139827728271
MarginPullback,22,total_variation,0.5091208219528198
MarginPullback,23,total_variation,0.5048151016235352
MarginPullback,24,total_variation,0.5419906377792358
MarginPullback,25,total_variation,0.5485644936561584
MarginPullback,26,total_variation,0.5419076681137085
MarginPullback,27,total_variation,0.5470284223556519
MarginPullback,28,total_variation,0.46440011262893677
MarginPullback,29,total_variation,0.5146150588989258
MarginPullback,30,total_variation,0.5146524906158447
MarginPullback,31,total_variation,0.5113949775695801
MarginPullback,32,total_variation,0.5516690611839294
MarginPullback,33,total_variation,0.4710901975631714
MarginPullback,34,total_variation,0.5142029523849487
MarginPullback,35,total_variation,0.5785650610923767
MarginPullback,36,total_variation,0.5665580630302429
MarginPullback,37,total_variation,0.48980435729026794
MarginPullback,38,total_variation,0.563204288482666
MarginPullback,39,total_variation,0.5389388799667358
MarginPullback,40,total_variation,0.5108811855316162
MarginPullback,41,total_variation,0.5299084782600403
MarginPullback,42,total_variation,0.5700021982192993
MarginPullback,43,total_variation,0.5403196811676025
MarginPullback,44,total_variation,0.5454174280166626
MarginPullback,45,total_variation,0.5307028293609619
MarginPullback,46,total_variation,0.5117583870887756
MarginPullback,47,total_variation,0.4900839924812317
MarginPullback,48,total_variation,0.5572940111160278
MarginPullback,49,total_variation,0.5192853212356567
MarginPullback,50,total_variation,0.5633617639541626
MarginPullback,51,total_variation,0.5424869060516357
MarginPullback,52,total_variation,0.5767021775245667
MarginPullback,53,total_variation,0.5557353496551514
MarginPullback,54,total_variation,0.5487258434295654
MarginPullback,55,total_variation,0.5631213784217834
MarginPullback,56,total_variation,0.533734917640686
MarginPullback,57,total_variation,0.5155799388885498
MarginPullback,58,total_variation,0.5731105804443359
MarginPullback,59,total_variation,0.5808265209197998
MarginPullback,60,total_variation,0.5443206429481506
MarginPullback,61,total_variation,0.47632360458374023
MarginPullback,62,total_variation,0.5263861417770386
MarginPullback,63,total_variation,0.5727571249008179
MarginPullback,0,channel_cancellation,0.1880130171775818
MarginPullback,1,channel_cancellation,0.18839913606643677
MarginPullback,2,channel_cancellation,0.1913045048713684
MarginPullback,3,channel_cancellation,0.17928475141525269
MarginPullback,4,channel_cancellation,0.17587822675704956
MarginPullback,5,channel_cancellation,0.21389979124069214
MarginPullback,6,channel_cancellation,0.18609142303466797
MarginPullback,7,channel_cancellation,0.22901374101638794
MarginPullback,8,channel_cancellation,0.19758158922195435
MarginPullback,9,channel_cancellation,0.18389540910720825
MarginPullback,10,channel_cancellation,0.2152571678161621
MarginPullback,11,channel_cancellation,0.1602487564086914
MarginPullback,12,channel_cancellation,0.200680673122406
MarginPullback,13,channel_cancellation,0.1863483190536499
MarginPullback,14,channel_cancellation,0.17318248748779297
MarginPullback,15,channel_cancellation,0.19720035791397095
MarginPullback,16,channel_cancellation,0.24515414237976074
MarginPullback,17,channel_cancellation,0.19307947158813477
MarginPullback,18,channel_cancellation,0.18524539470672607
MarginPullback,19,channel_cancellation,0.19927746057510376
MarginPullback,20,channel_cancellation,0.16352182626724243
MarginPullback,21,channel_cancellation,0.1296689510345459
MarginPullback,22,channel_cancellation,0.18237614631652832
MarginPullback,23,channel_cancellation,0.22125476598739624
MarginPullback,24,channel_cancellation,0.2131374478340149
MarginPullback,25,channel_cancellation,0.2095831036567688
MarginPullback,26,channel_cancellation,0.19187724590301514
MarginPullback,27,channel_cancellation,0.21606075763702393
MarginPullback,28,channel_cancellation,0.24086374044418335
MarginPullback,29,channel_cancellation,0.18665719032287598
MarginPullback,30,channel_cancellation,0.213689386844635
MarginPullback,31,channel_cancellation,0.20575159788131714
MarginPullback,32,channel_cancellation,0.19471007585525513
MarginPullback,33,channel_cancellation,0.20069754123687744
MarginPullback,34,channel_cancellation,0.23541760444641113
MarginPullback,35,channel_cancellation,0.1587303876876831
MarginPullback,36,channel_cancellation,0.18407922983169556
MarginPullback,37,channel_cancellation,0.24919253587722778
MarginPullback,38,channel_cancellation,0.1616104245185852
MarginPullback,39,channel_cancellation,0.20137596130371094
MarginPullback,40,channel_cancellation,0.23319226503372192
MarginPullback,41,channel_cancellation,0.22088468074798584
MarginPullback,42,channel_cancellation,0.18881756067276
MarginPullback,43,channel_cancellation,0.227158784866333
MarginPullback,44,channel_cancellation,0.19074314832687378
MarginPullback,45,channel_cancellation,0.15788137912750244
MarginPullback,46,channel_cancellation,0.22106778621673584
MarginPullback,47,channel_cancellation,0.18505209684371948
MarginPullback,48,channel_cancellation,0.20437341928482056
MarginPullback,49,channel_cancellation,0.2489648461341858
MarginPullback,50,channel_cancellation,0.16390842199325562
MarginPullback,51,channel_cancellation,0.19108468294143677
MarginPullback,52,channel_cancellation,0.17563164234161377
MarginPullback,53,channel_cancellation,0.19103401899337769
MarginPullback,54,channel_cancellation,0.23243510723114014
MarginPullback,55,channel_cancellation,0.16689980030059814
MarginPullback,56,channel_cancellation,0.20563054084777832
MarginPullback,57,channel_cancellation,0.18323355913162231
MarginPullback,58,channel_cancellation,0.14639496803283691
MarginPullback,59,channel_cancellation,0.1615525484085083
MarginPullback,60,channel_cancellation,0.20399785041809082
MarginPullback,61,channel_cancellation,0.1760362982749939
MarginPullback,62,channel_cancellation,0.16683292388916016
MarginPullback,63,channel_cancellation,0.18499207496643066
MarginAscent,0,gini,0.4433688521385193
MarginAscent,1,gini,0.4320780336856842
MarginAscent,2,gini,0.3840104043483734
MarginAscent,3,gini,0.4288707971572876
MarginAscent,4,gini,0.369765967130661
MarginAscent,5,gini,0.4431142210960388
MarginAscent,6,gini,0.4337589740753174
MarginAscent,7,gini,0.4639476239681244
MarginAscent,8,gini,0.4434833526611328
MarginAscent,9,gini,0.4642173647880554
MarginAscent,10,gini,0.40483182668685913
MarginAscent,11,gini,0.4039493203163147
MarginAscent,12,gini,0.4305282533168793
MarginAscent,13,gini,0.5702681541442871
MarginAscent,14,gini,0.39834675192832947
MarginAscent,15,gini,0.4917871057987213
MarginAscent,16,gini,0.3831107020378113
MarginAscent,17,gini,0.4091857671737671
MarginAscent,18,gini,0.4687206745147705
MarginAscent,19,gini,0.5198251008987427
MarginAscent,20,gini,0.42236819863319397
MarginAscent,21,gini,0.4009798765182495
MarginAscent,22,gini,0.4321276843547821
MarginAscent,23,gini,0.4391731321811676
MarginAscent,24,gini,0.4662189483642578
MarginAscent,25,gini,0.43942663073539734
MarginAscent,26,gini,0.3767126798629761
MarginAscent,27,gini,0.39422619342803955
MarginAscent,28,gini,0.3985411822795868
MarginAscent,29,gini,0.4316471219062805
MarginAscent,30,gini,0.38919752836227417
MarginAscent,31,gini,0.39161553978919983
MarginAscent,32,gini,0.39188554883003235
MarginAscent,33,gini,0.4689081013202667
MarginAscent,34,gini,0.3639884889125824
MarginAscent,35,gini,0.3718510866165161
MarginAscent,36,gini,0.38710835576057434
MarginAscent,37,gini,0.40417999029159546
MarginAscent,38,gini,0.4057055711746216
MarginAscent,39,gini,0.5025297403335571
MarginAscent,40,gini,0.40634992718696594
MarginAscent,41,gini,0.3693673312664032
MarginAscent,42,gini,0.36567243933677673
MarginAscent,43,gini,0.41272860765457153
MarginAscent,44,gini,0.45549795031547546
MarginAscent,45,gini,0.38896819949150085
MarginAscent,46,gini,0.39842721819877625
MarginAscent,47,gini,0.40387991070747375
MarginAscent,48,gini,0.48703449964523315
MarginAscent,49,gini,0.40520501136779785
MarginAscent,50,gini,0.4218185245990753
MarginAscent,51,gini,0.4247995615005493
MarginAscent,52,gini,0.3795216381549835
MarginAscent,53,gini,0.4455644190311432
MarginAscent,54,gini,0.48422113060951233
MarginAscent,55,gini,0.5560289621353149
MarginAscent,56,gini,0.4747421145439148
MarginAscent,57,gini,0.3981427848339081
MarginAscent,58,gini,0.49207255244255066
MarginAscent,59,gini,0.4505099952220917
MarginAscent,60,gini,0.3907218873500824
MarginAscent,61,gini,0.4217948615550995
MarginAscent,62,gini,0.4112572968006134
MarginAscent,63,gini,0.3939395546913147
MarginAscent,0,spatial_entropy,0.9689970016479492
MarginAscent,1,spatial_entropy,0.9710869193077087
MarginAscent,2,spatial_entropy,0.9771901369094849
MarginAscent,3,spatial_entropy,0.9712609648704529
MarginAscent,4,spatial_entropy,0.979088544845581
MarginAscent,5,spatial_entropy,0.9693289399147034
MarginAscent,6,spatial_entropy,0.9692719578742981
MarginAscent,7,spatial_entropy,0.9659440517425537
MarginAscent,8,spatial_entropy,0.9689436554908752
MarginAscent,9,spatial_entropy,0.9656333923339844
MarginAscent,10,spatial_entropy,0.9746701121330261
MarginAscent,11,spatial_entropy,0.9744477272033691
MarginAscent,12,spatial_entropy,0.9702074527740479
MarginAscent,13,spatial_entropy,0.9468398690223694
MarginAscent,14,spatial_entropy,0.9755604267120361
MarginAscent,15,spatial_entropy,0.9605678915977478
MarginAscent,16,spatial_entropy,0.9773833751678467
MarginAscent,17,spatial_entropy,0.9739676117897034
MarginAscent,18,spatial_entropy,0.9655742645263672
MarginAscent,19,spatial_entropy,0.9569499492645264
MarginAscent,20,spatial_entropy,0.9722514748573303
MarginAscent,21,spatial_entropy,0.9753434658050537
MarginAscent,22,spatial_entropy,0.9709666967391968
MarginAscent,23,spatial_entropy,0.9694855213165283
MarginAscent,24,spatial_entropy,0.9648193717002869
MarginAscent,25,spatial_entropy,0.9690257906913757
MarginAscent,26,spatial_entropy,0.9781333804130554
MarginAscent,27,spatial_entropy,0.9759068489074707
MarginAscent,28,spatial_entropy,0.9753857851028442
MarginAscent,29,spatial_entropy,0.9710643291473389
MarginAscent,30,spatial_entropy,0.9767200946807861
MarginAscent,31,spatial_entropy,0.9761461615562439
MarginAscent,32,spatial_entropy,0.9761618375778198
MarginAscent,33,spatial_entropy,0.9636757969856262
MarginAscent,34,spatial_entropy,0.9797506332397461
MarginAscent,35,spatial_entropy,0.9786958694458008
MarginAscent,36,spatial_entropy,0.9769664406776428
MarginAscent,37,spatial_entropy,0.9748615026473999
MarginAscent,38,spatial_entropy,0.9744839072227478
MarginAscent,39,spatial_entropy,0.9600242972373962
MarginAscent,40,spatial_entropy,0.9738643169403076
MarginAscent,41,spatial_entropy,0.9788938164710999
MarginAscent,42,spatial_entropy,0.9793344140052795
MarginAscent,43,spatial_entropy,0.973072350025177
MarginAscent,44,spatial_entropy,0.9675760865211487
MarginAscent,45,spatial_entropy,0.9765815138816833
MarginAscent,46,spatial_entropy,0.9754236340522766
MarginAscent,47,spatial_entropy,0.9749040007591248
MarginAscent,48,spatial_entropy,0.9622887969017029
MarginAscent,49,spatial_entropy,0.9747899770736694
MarginAscent,50,spatial_entropy,0.9720348715782166
MarginAscent,51,spatial_entropy,0.9721021056175232
MarginAscent,52,spatial_entropy,0.9778220653533936
MarginAscent,53,spatial_entropy,0.9689799547195435
MarginAscent,54,spatial_entropy,0.9623187184333801
MarginAscent,55,spatial_entropy,0.9493134617805481
MarginAscent,56,spatial_entropy,0.964614748954773
MarginAscent,57,spatial_entropy,0.9754681587219238
MarginAscent,58,spatial_entropy,0.9622216820716858
MarginAscent,59,spatial_entropy,0.9684963226318359
MarginAscent,60,spatial_entropy,0.9759459495544434
MarginAscent,61,spatial_entropy,0.9721254706382751
MarginAscent,62,spatial_entropy,0.9731783270835876
MarginAscent,63,spatial_entropy,0.9758161902427673
MarginAscent,0,effective_support,0.7149413824081421
MarginAscent,1,effective_support,0.7312976121902466
MarginAscent,2,effective_support,0.7812359929084778
MarginAscent,3,effective_support,0.7326766848564148
MarginAscent,4,effective_support,0.7974540591239929
MarginAscent,5,effective_support,0.7175145745277405
MarginAscent,6,effective_support,0.7170721292495728
MarginAscent,7,effective_support,0.6917038559913635
MarginAscent,8,effective_support,0.7145289182662964
MarginAscent,9,effective_support,0.6893818378448486
MarginAscent,10,effective_support,0.760215699672699
MarginAscent,11,effective_support,0.7583882212638855
MarginAscent,12,effective_support,0.7243695259094238
MarginAscent,13,effective_support,0.5624980330467224
MarginAscent,14,effective_support,0.767577052116394
MarginAscent,15,effective_support,0.6526037454605103
MarginAscent,16,effective_support,0.782871663570404
MarginAscent,17,effective_support,0.7544575333595276
MarginAscent,18,effective_support,0.6889407634735107
MarginAscent,19,effective_support,0.6275426745414734
MarginAscent,20,effective_support,0.7405737042427063
MarginAscent,21,effective_support,0.7657763361930847
MarginAscent,22,effective_support,0.7303469181060791
MarginAscent,23,effective_support,0.718731701374054
MarginAscent,24,effective_support,0.6833348274230957
MarginAscent,25,effective_support,0.7151644229888916
MarginAscent,26,effective_support,0.789252519607544
MarginAscent,27,effective_support,0.7704604268074036
MarginAscent,28,effective_support,0.7661272287368774
MarginAscent,29,effective_support,0.7311187982559204
MarginAscent,30,effective_support,0.7772716879844666
MarginAscent,31,effective_support,0.7724583745002747
MarginAscent,32,effective_support,0.7725896239280701
MarginAscent,33,effective_support,0.674929141998291
MarginAscent,34,effective_support,0.8031893968582153
MarginAscent,35,effective_support,0.7940722703933716
MarginAscent,36,effective_support,0.7793470621109009
MarginAscent,37,effective_support,0.7617922425270081
MarginAscent,38,effective_support,0.7586855292320251
MarginAscent,39,effective_support,0.6487752199172974
MarginAscent,40,effective_support,0.753614604473114
MarginAscent,41,effective_support,0.795775294303894
MarginAscent,42,effective_support,0.7995792031288147
MarginAscent,43,effective_support,0.7471824884414673
MarginAscent,44,effective_support,0.7040303945541382
MarginAscent,45,effective_support,0.7761067152023315
MarginAscent,46,effective_support,0.766441285610199
MarginAscent,47,effective_support,0.7621428966522217
MarginAscent,48,effective_support,0.6648730635643005
MarginAscent,49,effective_support,0.7612028121948242
MarginAscent,50,effective_support,0.7388393878936768
MarginAscent,51,effective_support,0.7393772602081299
MarginAscent,52,effective_support,0.786597728729248
MarginAscent,53,effective_support,0.7148094773292542
MarginAscent,54,effective_support,0.6650880575180054
MarginAscent,55,effective_support,0.5777609944343567
MarginAscent,56,effective_support,0.6818232536315918
MarginAscent,57,effective_support,0.7668107748031616
MarginAscent,58,effective_support,0.6643902659416199
MarginAscent,59,effective_support,0.7110779285430908
MarginAscent,60,effective_support,0.7707863450050354
MarginAscent,61,effective_support,0.7395640015602112
MarginAscent,62,effective_support,0.748039960861206
MarginAscent,63,effective_support,0.7697044014930725
MarginAscent,0,top1pct_mass,0.0587836392223835
MarginAscent,1,top1pct_mass,0.05319646745920181
MarginAscent,2,top1pct_mass,0.04812789335846901
MarginAscent,3,top1pct_mass,0.054898157715797424
MarginAscent,4,top1pct_mass,0.04412901774048805
MarginAscent,5,top1pct_mass,0.05671253427863121
MarginAscent,6,top1pct_mass,0.0672883465886116
MarginAscent,7,top1pct_mass,0.06119678542017937
MarginAscent,8,top1pct_mass,0.058867231011390686
MarginAscent,9,top1pct_mass,0.06431316584348679
MarginAscent,10,top1pct_mass,0.05012115091085434
MarginAscent,11,top1pct_mass,0.05319231003522873
MarginAscent,12,top1pct_mass,0.0634293258190155
MarginAscent,13,top1pct_mass,0.07817010581493378
MarginAscent,14,top1pct_mass,0.048772554844617844
MarginAscent,15,top1pct_mass,0.07106508314609528
MarginAscent,16,top1pct_mass,0.04688103124499321
MarginAscent,17,top1pct_mass,0.051986802369356155
MarginAscent,18,top1pct_mass,0.05904823914170265
MarginAscent,19,top1pct_mass,0.06890210509300232
MarginAscent,20,top1pct_mass,0.053570881485939026
MarginAscent,21,top1pct_mass,0.047222789376974106
MarginAscent,22,top1pct_mass,0.0539664588868618
MarginAscent,23,top1pct_mass,0.05903934687376022
MarginAscent,24,top1pct_mass,0.06847205758094788
MarginAscent,25,top1pct_mass,0.06321825087070465
MarginAscent,26,top1pct_mass,0.04638116806745529
MarginAscent,27,top1pct_mass,0.04979539290070534
MarginAscent,28,top1pct_mass,0.050058234483003616
MarginAscent,29,top1pct_mass,0.05420041084289551
MarginAscent,30,top1pct_mass,0.04705513268709183
MarginAscent,31,top1pct_mass,0.04984971508383751
MarginAscent,32,top1pct_mass,0.0494595430791378
MarginAscent,33,top1pct_mass,0.07390972226858139
MarginAscent,34,top1pct_mass,0.04322723299264908
MarginAscent,35,top1pct_mass,0.04630204662680626
MarginAscent,36,top1pct_mass,0.04718218743801117
MarginAscent,37,top1pct_mass,0.04872030019760132
MarginAscent,38,top1pct_mass,0.050849154591560364
MarginAscent,39,top1pct_mass,0.06540688127279282
MarginAscent,40,top1pct_mass,0.05440885201096535
MarginAscent,41,top1pct_mass,0.04685904458165169
MarginAscent,42,top1pct_mass,0.04622558504343033
MarginAscent,43,top1pct_mass,0.05604882910847664
MarginAscent,44,top1pct_mass,0.057862505316734314
MarginAscent,45,top1pct_mass,0.048484448343515396
MarginAscent,46,top1pct_mass,0.04965538531541824
MarginAscent,47,top1pct_mass,0.04815308377146721
MarginAscent,48,top1pct_mass,0.06643497198820114
MarginAscent,49,top1pct_mass,0.048533033579587936
MarginAscent,50,top1pct_mass,0.05630413442850113
MarginAscent,51,top1pct_mass,0.051935937255620956
MarginAscent,52,top1pct_mass,0.04648483544588089
MarginAscent,53,top1pct_mass,0.05666791647672653
MarginAscent,54,top1pct_mass,0.06748221814632416
MarginAscent,55,top1pct_mass,0.0793519839644432
MarginAscent,56,top1pct_mass,0.06087014079093933
MarginAscent,57,top1pct_mass,0.04954324662685394
MarginAscent,58,top1pct_mass,0.0593266598880291
MarginAscent,59,top1pct_mass,0.05480828508734703
MarginAscent,60,top1pct_mass,0.0535556897521019
MarginAscent,61,top1pct_mass,0.05503595992922783
MarginAscent,62,top1pct_mass,0.05683672055602074
MarginAscent,63,top1pct_mass,0.0509914867579937
MarginAscent,0,top5pct_mass,0.19689495861530304
MarginAscent,1,top5pct_mass,0.18420878052711487
MarginAscent,2,top5pct_mass,0.1675160527229309
MarginAscent,3,top5pct_mass,0.18505530059337616
MarginAscent,4,top5pct_mass,0.15670102834701538
MarginAscent,5,top5pct_mass,0.19185706973075867
MarginAscent,6,top5pct_mass,0.20543593168258667
MarginAscent,7,top5pct_mass,0.20705148577690125
MarginAscent,8,top5pct_mass,0.19936661422252655
MarginAscent,9,top5pct_mass,0.20812320709228516
MarginAscent,10,top5pct_mass,0.17337968945503235
MarginAscent,11,top5pct_mass,0.1793866902589798
MarginAscent,12,top5pct_mass,0.19873470067977905
MarginAscent,13,top5pct_mass,0.25307518243789673
MarginAscent,14,top5pct_mass,0.17018449306488037
MarginAscent,15,top5pct_mass,0.23422934114933014
MarginAscent,16,top5pct_mass,0.1656757891178131
MarginAscent,17,top5pct_mass,0.17805172502994537
MarginAscent,18,top5pct_mass,0.20346352458000183
MarginAscent,19,top5pct_mass,0.22251027822494507
MarginAscent,20,top5pct_mass,0.18412141501903534
MarginAscent,21,top5pct_mass,0.16921934485435486
MarginAscent,22,top5pct_mass,0.18499915301799774
MarginAscent,23,top5pct_mass,0.1930668205022812
MarginAscent,24,top5pct_mass,0.21819069981575012
MarginAscent,25,top5pct_mass,0.20166617631912231
MarginAscent,26,top5pct_mass,0.16213347017765045
MarginAscent,27,top5pct_mass,0.17109565436840057
MarginAscent,28,top5pct_mass,0.17172861099243164
MarginAscent,29,top5pct_mass,0.18518728017807007
MarginAscent,30,top5pct_mass,0.16670474410057068
MarginAscent,31,top5pct_mass,0.1721414029598236
MarginAscent,32,top5pct_mass,0.170077383518219
MarginAscent,33,top5pct_mass,0.2261243462562561
MarginAscent,34,top5pct_mass,0.1551072895526886
MarginAscent,35,top5pct_mass,0.16140510141849518
MarginAscent,36,top5pct_mass,0.16567373275756836
MarginAscent,37,top5pct_mass,0.17265862226486206
MarginAscent,38,top5pct_mass,0.1764666736125946
MarginAscent,39,top5pct_mass,0.22009825706481934
MarginAscent,40,top5pct_mass,0.17746445536613464
MarginAscent,41,top5pct_mass,0.1615166962146759
MarginAscent,42,top5pct_mass,0.16011279821395874
MarginAscent,43,top5pct_mass,0.18741808831691742
MarginAscent,44,top5pct_mass,0.19668743014335632
MarginAscent,45,top5pct_mass,0.16838550567626953
MarginAscent,46,top5pct_mass,0.17177750170230865
MarginAscent,47,top5pct_mass,0.17142485082149506
MarginAscent,48,top5pct_mass,0.21637201309204102
MarginAscent,49,top5pct_mass,0.17125064134597778
MarginAscent,50,top5pct_mass,0.18809930980205536
MarginAscent,51,top5pct_mass,0.18116037547588348
MarginAscent,52,top5pct_mass,0.16454431414604187
MarginAscent,53,top5pct_mass,0.19197383522987366
MarginAscent,54,top5pct_mass,0.22367778420448303
MarginAscent,55,top5pct_mass,0.26045405864715576
MarginAscent,56,top5pct_mass,0.20467908680438995
MarginAscent,57,top5pct_mass,0.1722385138273239
MarginAscent,58,top5pct_mass,0.2069791704416275
MarginAscent,59,top5pct_mass,0.1890992671251297
MarginAscent,60,top5pct_mass,0.1761079877614975
MarginAscent,61,top5pct_mass,0.18569700419902802
MarginAscent,62,top5pct_mass,0.1868516057729721
MarginAscent,63,top5pct_mass,0.17398253083229065
MarginAscent,0,total_variation,0.5758436918258667
MarginAscent,1,total_variation,0.5701228380203247
MarginAscent,2,total_variation,0.5770764350891113
MarginAscent,3,total_variation,0.5663812160491943
MarginAscent,4,total_variation,0.5677306056022644
MarginAscent,5,total_variation,0.5654494762420654
MarginAscent,6,total_variation,0.5707387924194336
MarginAscent,7,total_variation,0.5545588731765747
MarginAscent,8,total_variation,0.569469690322876
MarginAscent,9,total_variation,0.5580440759658813
MarginAscent,10,total_variation,0.5378488898277283
MarginAscent,11,total_variation,0.595410943031311
MarginAscent,12,total_variation,0.5706108212471008
MarginAscent,13,total_variation,0.6103090047836304
MarginAscent,14,total_variation,0.5675568580627441
MarginAscent,15,total_variation,0.5437261462211609
MarginAscent,16,total_variation,0.535027027130127
MarginAscent,17,total_variation,0.5856686234474182
MarginAscent,18,total_variation,0.5641462802886963
MarginAscent,19,total_variation,0.5768569707870483
MarginAscent,20,total_variation,0.5258446931838989
MarginAscent,21,total_variation,0.5421369075775146
MarginAscent,22,total_variation,0.5495520234107971
MarginAscent,23,total_variation,0.5606726408004761
MarginAscent,24,total_variation,0.5717847347259521
MarginAscent,25,total_variation,0.5622418522834778
MarginAscent,26,total_variation,0.5553781986236572
MarginAscent,27,total_variation,0.552354097366333
MarginAscent,28,total_variation,0.5710124969482422
MarginAscent,29,total_variation,0.5762497782707214
MarginAscent,30,total_variation,0.5597963929176331
MarginAscent,31,total_variation,0.5565796494483948
MarginAscent,32,total_variation,0.5715934038162231
MarginAscent,33,total_variation,0.5593889951705933
MarginAscent,34,total_variation,0.5664873123168945
MarginAscent,35,total_variation,0.5913694500923157
MarginAscent,36,total_variation,0.5737712383270264
MarginAscent,37,total_variation,0.5521142482757568
MarginAscent,38,total_variation,0.5882144570350647
MarginAscent,39,total_variation,0.5576478838920593
MarginAscent,40,total_variation,0.5868650674819946
MarginAscent,41,total_variation,0.5507010817527771
MarginAscent,42,total_variation,0.5693233013153076
MarginAscent,43,total_variation,0.5531116724014282
MarginAscent,44,total_variation,0.5768604278564453
MarginAscent,45,total_variation,0.5744395852088928
MarginAscent,46,total_variation,0.5418804883956909
MarginAscent,47,total_variation,0.5550824403762817
MarginAscent,48,total_variation,0.5597001314163208
MarginAscent,49,total_variation,0.5470542311668396
MarginAscent,50,total_variation,0.5367745161056519
MarginAscent,51,total_variation,0.5496271848678589
MarginAscent,52,total_variation,0.5617145895957947
MarginAscent,53,total_variation,0.5708903074264526
MarginAscent,54,total_variation,0.5477197170257568
MarginAscent,55,total_variation,0.5317121744155884
MarginAscent,56,total_variation,0.5739712715148926
MarginAscent,57,total_variation,0.564490556716919
MarginAscent,58,total_variation,0.5654085874557495
MarginAscent,59,total_variation,0.5858279466629028
MarginAscent,60,total_variation,0.5626081228256226
MarginAscent,61,total_variation,0.5540292263031006
MarginAscent,62,total_variation,0.5476486682891846
MarginAscent,63,total_variation,0.5607573986053467
MarginAscent,0,channel_cancellation,0.19220685958862305
MarginAscent,1,channel_cancellation,0.1947038173675537
MarginAscent,2,channel_cancellation,0.18860012292861938
MarginAscent,3,channel_cancellation,0.18655472993850708
MarginAscent,4,channel_cancellation,0.1935415267944336
MarginAscent,5,channel_cancellation,0.20101463794708252
MarginAscent,6,channel_cancellation,0.18280047178268433
MarginAscent,7,channel_cancellation,0.1975727677345276
MarginAscent,8,channel_cancellation,0.1822805404663086
MarginAscent,9,channel_cancellation,0.1641073226928711
MarginAscent,10,channel_cancellation,0.21569377183914185
MarginAscent,11,channel_cancellation,0.17072290182113647
MarginAscent,12,channel_cancellation,0.19191616773605347
MarginAscent,13,channel_cancellation,0.09894019365310669
MarginAscent,14,channel_cancellation,0.1786036491394043
MarginAscent,15,channel_cancellation,0.22726088762283325
MarginAscent,16,channel_cancellation,0.25142842531204224
MarginAscent,17,channel_cancellation,0.1691015362739563
MarginAscent,18,channel_cancellation,0.171225905418396
MarginAscent,19,channel_cancellation,0.189292311668396
MarginAscent,20,channel_cancellation,0.2485487461090088
MarginAscent,21,channel_cancellation,0.21592801809310913
MarginAscent,22,channel_cancellation,0.18109649419784546
MarginAscent,23,channel_cancellation,0.2058885097503662
MarginAscent,24,channel_cancellation,0.18960779905319214
MarginAscent,25,channel_cancellation,0.19511127471923828
MarginAscent,26,channel_cancellation,0.20732682943344116
MarginAscent,27,channel_cancellation,0.21646225452423096
MarginAscent,28,channel_cancellation,0.17283987998962402
MarginAscent,29,channel_cancellation,0.1687302589416504
MarginAscent,30,channel_cancellation,0.20096427202224731
MarginAscent,31,channel_cancellation,0.18019747734069824
MarginAscent,32,channel_cancellation,0.19843679666519165
MarginAscent,33,channel_cancellation,0.18430501222610474
MarginAscent,34,channel_cancellation,0.1879538893699646
MarginAscent,35,channel_cancellation,0.16282469034194946
MarginAscent,36,channel_cancellation,0.1864878535270691
MarginAscent,37,channel_cancellation,0.2062249779701233
MarginAscent,38,channel_cancellation,0.16421842575073242
MarginAscent,39,channel_cancellation,0.2017279863357544
MarginAscent,40,channel_cancellation,0.20056933164596558
MarginAscent,41,channel_cancellation,0.21466940641403198
MarginAscent,42,channel_cancellation,0.19727563858032227
MarginAscent,43,channel_cancellation,0.22783511877059937
MarginAscent,44,channel_cancellation,0.1753702163696289
MarginAscent,45,channel_cancellation,0.1536044478416443
MarginAscent,46,channel_cancellation,0.2182413935661316
MarginAscent,47,channel_cancellation,0.18554264307022095
MarginAscent,48,channel_cancellation,0.21178048849105835
MarginAscent,49,channel_cancellation,0.2249150276184082
MarginAscent,50,channel_cancellation,0.2163190245628357
MarginAscent,51,channel_cancellation,0.20747613906860352
MarginAscent,52,channel_cancellation,0.20652347803115845
MarginAscent,53,channel_cancellation,0.19262582063674927
MarginAscent,54,channel_cancellation,0.23220139741897583
MarginAscent,55,channel_cancellation,0.21717041730880737
MarginAscent,56,channel_cancellation,0.17861628532409668
MarginAscent,57,channel_cancellation,0.1716017723083496
MarginAscent,58,channel_cancellation,0.16908282041549683
MarginAscent,59,channel_cancellation,0.17228645086288452
MarginAscent,60,channel_cancellation,0.2011815905570984
MarginAscent,61,channel_cancellation,0.1683669090270996
MarginAscent,62,channel_cancellation,0.17371141910552979
MarginAscent,63,channel_cancellation,0.20139557123184204
EntropyFlow,0,gini,0.3895620107650757
EntropyFlow,1,gini,0.3865489959716797
EntropyFlow,2,gini,0.39602944254875183
EntropyFlow,3,gini,0.41247838735580444
EntropyFlow,4,gini,0.38052695989608765
EntropyFlow,5,gini,0.38090968132019043
EntropyFlow,6,gini,0.38875409960746765
EntropyFlow,7,gini,0.40039369463920593
EntropyFlow,8,gini,0.43989160656929016
EntropyFlow,9,gini,0.4566737413406372
EntropyFlow,10,gini,0.42112019658088684
EntropyFlow,11,gini,0.40838849544525146
EntropyFlow,12,gini,0.4243401885032654
EntropyFlow,13,gini,0.4184865653514862
EntropyFlow,14,gini,0.4187772572040558
EntropyFlow,15,gini,0.3839958608150482
EntropyFlow,16,gini,0.4072605073451996
EntropyFlow,17,gini,0.38023874163627625
EntropyFlow,18,gini,0.44729679822921753
EntropyFlow,19,gini,0.39352700114250183
EntropyFlow,20,gini,0.3858872950077057
EntropyFlow,21,gini,0.38158777356147766
EntropyFlow,22,gini,0.42850804328918457
EntropyFlow,23,gini,0.40919169783592224
EntropyFlow,24,gini,0.3852706253528595
EntropyFlow,25,gini,0.37637871503829956
EntropyFlow,26,gini,0.36916977167129517
EntropyFlow,27,gini,0.38573649525642395
EntropyFlow,28,gini,0.428876668214798
EntropyFlow,29,gini,0.38233935832977295
EntropyFlow,30,gini,0.37690964341163635
EntropyFlow,31,gini,0.39811599254608154
EntropyFlow,32,gini,0.3808039128780365
EntropyFlow,33,gini,0.4248254597187042
EntropyFlow,34,gini,0.3731285035610199
EntropyFlow,35,gini,0.36833134293556213
EntropyFlow,36,gini,0.3797205984592438
EntropyFlow,37,gini,0.3959628641605377
EntropyFlow,38,gini,0.42302727699279785
EntropyFlow,39,gini,0.39532291889190674
EntropyFlow,40,gini,0.4320223927497864
EntropyFlow,41,gini,0.3788739740848541
EntropyFlow,42,gini,0.36513298749923706
EntropyFlow,43,gini,0.37374138832092285
EntropyFlow,44,gini,0.4079012870788574
EntropyFlow,45,gini,0.44140443205833435
EntropyFlow,46,gini,0.3839121460914612
EntropyFlow,47,gini,0.42807212471961975
EntropyFlow,48,gini,0.3625113070011139
EntropyFlow,49,gini,0.3682839870452881
EntropyFlow,50,gini,0.3937234580516815
EntropyFlow,51,gini,0.44477200508117676
EntropyFlow,52,gini,0.3859423100948334
EntropyFlow,53,gini,0.4002285301685333
EntropyFlow,54,gini,0.3850332796573639
EntropyFlow,55,gini,0.3940548002719879
EntropyFlow,56,gini,0.39511430263519287
EntropyFlow,57,gini,0.39747658371925354
EntropyFlow,58,gini,0.41630080342292786
EntropyFlow,59,gini,0.40881335735321045
EntropyFlow,60,gini,0.3665071427822113
EntropyFlow,61,gini,0.3919808566570282
EntropyFlow,62,gini,0.4675057828426361
EntropyFlow,63,gini,0.36529096961021423
EntropyFlow,0,spatial_entropy,0.9761719107627869
EntropyFlow,1,spatial_entropy,0.9764136672019958
EntropyFlow,2,spatial_entropy,0.9755094647407532
EntropyFlow,3,spatial_entropy,0.9724266529083252
EntropyFlow,4,spatial_entropy,0.9775086045265198
EntropyFlow,5,spatial_entropy,0.9776051640510559
EntropyFlow,6,spatial_entropy,0.9765768647193909
EntropyFlow,7,spatial_entropy,0.9746177792549133
EntropyFlow,8,spatial_entropy,0.9692818522453308
EntropyFlow,9,spatial_entropy,0.9668956995010376
EntropyFlow,10,spatial_entropy,0.9718216061592102
EntropyFlow,11,spatial_entropy,0.9736766815185547
EntropyFlow,12,spatial_entropy,0.9708486795425415
EntropyFlow,13,spatial_entropy,0.9726492762565613
EntropyFlow,14,spatial_entropy,0.9718877077102661
EntropyFlow,15,spatial_entropy,0.976265549659729
EntropyFlow,16,spatial_entropy,0.9718611836433411
EntropyFlow,17,spatial_entropy,0.9777485132217407
EntropyFlow,18,spatial_entropy,0.9682027101516724
EntropyFlow,19,spatial_entropy,0.9759964942932129
EntropyFlow,20,spatial_entropy,0.9765905141830444
EntropyFlow,21,spatial_entropy,0.9773610830307007
EntropyFlow,22,spatial_entropy,0.9716396331787109
EntropyFlow,23,spatial_entropy,0.9731314778327942
EntropyFlow,24,spatial_entropy,0.9767054915428162
EntropyFlow,25,spatial_entropy,0.9779831171035767
EntropyFlow,26,spatial_entropy,0.9786677956581116
EntropyFlow,27,spatial_entropy,0.9767627120018005
EntropyFlow,28,spatial_entropy,0.9707624912261963
EntropyFlow,29,spatial_entropy,0.9769757986068726
EntropyFlow,30,spatial_entropy,0.9777215123176575
EntropyFlow,31,spatial_entropy,0.9752495288848877
EntropyFlow,32,spatial_entropy,0.9774758815765381
EntropyFlow,33,spatial_entropy,0.9704366326332092
EntropyFlow,34,spatial_entropy,0.9783552289009094
EntropyFlow,35,spatial_entropy,0.9790544509887695
EntropyFlow,36,spatial_entropy,0.9777208566665649
EntropyFlow,37,spatial_entropy,0.9747195839881897
EntropyFlow,38,spatial_entropy,0.9714082479476929
EntropyFlow,39,spatial_entropy,0.9758238792419434
EntropyFlow,40,spatial_entropy,0.9680595993995667
EntropyFlow,41,spatial_entropy,0.9775606393814087
EntropyFlow,42,spatial_entropy,0.9793512225151062
EntropyFlow,43,spatial_entropy,0.9785611629486084
EntropyFlow,44,spatial_entropy,0.9734303951263428
EntropyFlow,45,spatial_entropy,0.967009425163269
EntropyFlow,46,spatial_entropy,0.9768019914627075
EntropyFlow,47,spatial_entropy,0.9707956314086914
EntropyFlow,48,spatial_entropy,0.9796442985534668
EntropyFlow,49,spatial_entropy,0.9788529276847839
EntropyFlow,50,spatial_entropy,0.975761353969574
EntropyFlow,51,spatial_entropy,0.9654080867767334
EntropyFlow,52,spatial_entropy,0.9768227934837341
EntropyFlow,53,spatial_entropy,0.974965512752533
EntropyFlow,54,spatial_entropy,0.9765927195549011
EntropyFlow,55,spatial_entropy,0.9758548140525818
EntropyFlow,56,spatial_entropy,0.9757543206214905
EntropyFlow,57,spatial_entropy,0.9748448133468628
EntropyFlow,58,spatial_entropy,0.9725012183189392
EntropyFlow,59,spatial_entropy,0.9730747938156128
EntropyFlow,60,spatial_entropy,0.979253351688385
EntropyFlow,61,spatial_entropy,0.9763766527175903
EntropyFlow,62,spatial_entropy,0.9654271602630615
EntropyFlow,63,spatial_entropy,0.9793791770935059
EntropyFlow,0,effective_support,0.7726739645004272
EntropyFlow,1,effective_support,0.7746981382369995
EntropyFlow,2,effective_support,0.7671534419059753
EntropyFlow,3,effective_support,0.7419791221618652
EntropyFlow,4,effective_support,0.7839337587356567
EntropyFlow,5,effective_support,0.7847535014152527
EntropyFlow,6,effective_support,0.7760676741600037
EntropyFlow,7,effective_support,0.7597856521606445
EntropyFlow,8,effective_support,0.717149019241333
EntropyFlow,9,effective_support,0.6988649964332581
EntropyFlow,10,effective_support,0.7371358275413513
EntropyFlow,11,effective_support,0.7520858645439148
EntropyFlow,12,effective_support,0.7294142842292786
EntropyFlow,13,effective_support,0.7437690496444702
EntropyFlow,14,effective_support,0.737663745880127
EntropyFlow,15,effective_support,0.7734573483467102
EntropyFlow,16,effective_support,0.7374516129493713
EntropyFlow,17,effective_support,0.785971999168396
EntropyFlow,18,effective_support,0.7088215351104736
EntropyFlow,19,effective_support,0.7712084054946899
EntropyFlow,20,effective_support,0.7761826515197754
EntropyFlow,21,effective_support,0.7826827764511108
EntropyFlow,22,effective_support,0.7356856465339661
EntropyFlow,23,effective_support,0.7476608157157898
EntropyFlow,24,effective_support,0.7771489024162292
EntropyFlow,25,effective_support,0.7879700660705566
EntropyFlow,26,effective_support,0.7938308715820312
EntropyFlow,27,effective_support,0.7776303887367249
EntropyFlow,28,effective_support,0.7287342548370361
EntropyFlow,29,effective_support,0.7794259786605835
EntropyFlow,30,effective_support,0.7857424020767212
EntropyFlow,31,effective_support,0.764998197555542
EntropyFlow,32,effective_support,0.7836560606956482
EntropyFlow,33,effective_support,0.7261688113212585
EntropyFlow,34,effective_support,0.7911502122879028
EntropyFlow,35,effective_support,0.7971600294113159
EntropyFlow,36,effective_support,0.785736620426178
EntropyFlow,37,effective_support,0.7606228590011597
EntropyFlow,38,effective_support,0.7338452935218811
EntropyFlow,39,effective_support,0.7697685360908508
EntropyFlow,40,effective_support,0.7077245116233826
EntropyFlow,41,effective_support,0.7843754291534424
EntropyFlow,42,effective_support,0.7997245788574219
EntropyFlow,43,effective_support,0.7929151058197021
EntropyFlow,44,effective_support,0.7500834465026855
EntropyFlow,45,effective_support,0.6997256875038147
EntropyFlow,46,effective_support,0.7779609560966492
EntropyFlow,47,effective_support,0.7289958596229553
EntropyFlow,48,effective_support,0.8022655844688416
EntropyFlow,49,effective_support,0.7954234480857849
EntropyFlow,50,effective_support,0.7692481875419617
EntropyFlow,51,effective_support,0.6877027153968811
EntropyFlow,52,effective_support,0.7781363725662231
EntropyFlow,53,effective_support,0.7626503109931946
EntropyFlow,54,effective_support,0.7762011289596558
EntropyFlow,55,effective_support,0.7700265645980835
EntropyFlow,56,effective_support,0.769189178943634
EntropyFlow,57,effective_support,0.7616548538208008
EntropyFlow,58,effective_support,0.7425781488418579
EntropyFlow,59,effective_support,0.7472022771835327
EntropyFlow,60,effective_support,0.7988781332969666
EntropyFlow,61,effective_support,0.7743878960609436
EntropyFlow,62,effective_support,0.6878450512886047
EntropyFlow,63,effective_support,0.7999666929244995
EntropyFlow,0,top1pct_mass,0.052053045481443405
EntropyFlow,1,top1pct_mass,0.053719256073236465
EntropyFlow,2,top1pct_mass,0.05170248821377754
EntropyFlow,3,top1pct_mass,0.06228891760110855
EntropyFlow,4,top1pct_mass,0.04893779009580612
EntropyFlow,5,top1pct_mass,0.04794001206755638
EntropyFlow,6,top1pct_mass,0.04935048520565033
EntropyFlow,7,top1pct_mass,0.05521091818809509
EntropyFlow,8,top1pct_mass,0.05833085626363754
EntropyFlow,9,top1pct_mass,0.06254981458187103
EntropyFlow,10,top1pct_mass,0.058548565953969955
EntropyFlow,11,top1pct_mass,0.055708497762680054
EntropyFlow,12,top1pct_mass,0.06397312879562378
EntropyFlow,13,top1pct_mass,0.05491892993450165
EntropyFlow,14,top1pct_mass,0.06157635524868965
EntropyFlow,15,top1pct_mass,0.0563654862344265
EntropyFlow,16,top1pct_mass,0.07041051238775253
EntropyFlow,17,top1pct_mass,0.046621013432741165
EntropyFlow,18,top1pct_mass,0.062302831560373306
EntropyFlow,19,top1pct_mass,0.049267157912254333
EntropyFlow,20,top1pct_mass,0.052247002720832825
EntropyFlow,21,top1pct_mass,0.04909983277320862
EntropyFlow,22,top1pct_mass,0.0511283278465271
EntropyFlow,23,top1pct_mass,0.059010498225688934
EntropyFlow,24,top1pct_mass,0.05181379243731499
EntropyFlow,25,top1pct_mass,0.04862261563539505
EntropyFlow,26,top1pct_mass,0.049404170364141464
EntropyFlow,27,top1pct_mass,0.050978049635887146
EntropyFlow,28,top1pct_mass,0.06054789945483208
EntropyFlow,29,top1pct_mass,0.05238424241542816
EntropyFlow,30,top1pct_mass,0.05092036724090576
EntropyFlow,31,top1pct_mass,0.05226335674524307
EntropyFlow,32,top1pct_mass,0.048706356436014175
EntropyFlow,33,top1pct_mass,0.06534003466367722
EntropyFlow,34,top1pct_mass,0.04849538579583168
EntropyFlow,35,top1pct_mass,0.04579721391201019
EntropyFlow,36,top1pct_mass,0.04744403064250946
EntropyFlow,37,top1pct_mass,0.0594010055065155
EntropyFlow,38,top1pct_mass,0.06013280898332596
EntropyFlow,39,top1pct_mass,0.04944514110684395
EntropyFlow,40,top1pct_mass,0.07762251049280167
EntropyFlow,41,top1pct_mass,0.050195224583148956
EntropyFlow,42,top1pct_mass,0.0463302843272686
EntropyFlow,43,top1pct_mass,0.04557780176401138
EntropyFlow,44,top1pct_mass,0.059240225702524185
EntropyFlow,45,top1pct_mass,0.07809724658727646
EntropyFlow,46,top1pct_mass,0.05209026858210564
EntropyFlow,47,top1pct_mass,0.06018931418657303
EntropyFlow,48,top1pct_mass,0.04662003740668297
EntropyFlow,49,top1pct_mass,0.048110321164131165
EntropyFlow,50,top1pct_mass,0.05154631286859512
EntropyFlow,51,top1pct_mass,0.08589847385883331
EntropyFlow,52,top1pct_mass,0.04995766654610634
EntropyFlow,53,top1pct_mass,0.052154578268527985
EntropyFlow,54,top1pct_mass,0.05285387858748436
EntropyFlow,55,top1pct_mass,0.05040746182203293
EntropyFlow,56,top1pct_mass,0.05018365755677223
EntropyFlow,57,top1pct_mass,0.05664631351828575
EntropyFlow,58,top1pct_mass,0.05775987356901169
EntropyFlow,59,top1pct_mass,0.06142927333712578
EntropyFlow,60,top1pct_mass,0.04581746459007263
EntropyFlow,61,top1pct_mass,0.047709766775369644
EntropyFlow,62,top1pct_mass,0.060346830636262894
EntropyFlow,63,top1pct_mass,0.046122945845127106
EntropyFlow,0,top5pct_mass,0.17530982196331024
EntropyFlow,1,top5pct_mass,0.1746453195810318
EntropyFlow,2,top5pct_mass,0.17584086954593658
EntropyFlow,3,top5pct_mass,0.19596968591213226
EntropyFlow,4,top5pct_mass,0.16698920726776123
EntropyFlow,5,top5pct_mass,0.1653108447790146
EntropyFlow,6,top5pct_mass,0.1698817014694214
EntropyFlow,7,top5pct_mass,0.18132354319095612
EntropyFlow,8,top5pct_mass,0.20172841846942902
EntropyFlow,9,top5pct_mass,0.20656907558441162
EntropyFlow,10,top5pct_mass,0.1918267458677292
EntropyFlow,11,top5pct_mass,0.18419814109802246
EntropyFlow,12,top5pct_mass,0.19854548573493958
EntropyFlow,13,top5pct_mass,0.18288196623325348
EntropyFlow,14,top5pct_mass,0.19246013462543488
EntropyFlow,15,top5pct_mass,0.17973802983760834
EntropyFlow,16,top5pct_mass,0.19869939982891083
EntropyFlow,17,top5pct_mass,0.16422511637210846
EntropyFlow,18,top5pct_mass,0.201621875166893
EntropyFlow,19,top5pct_mass,0.17023135721683502
EntropyFlow,20,top5pct_mass,0.17342931032180786
EntropyFlow,21,top5pct_mass,0.16834506392478943
EntropyFlow,22,top5pct_mass,0.1845329999923706
EntropyFlow,23,top5pct_mass,0.190568208694458
EntropyFlow,24,top5pct_mass,0.17273327708244324
EntropyFlow,25,top5pct_mass,0.16594447195529938
EntropyFlow,26,top5pct_mass,0.16494768857955933
EntropyFlow,27,top5pct_mass,0.17149879038333893
EntropyFlow,28,top5pct_mass,0.19313986599445343
EntropyFlow,29,top5pct_mass,0.17197562754154205
EntropyFlow,30,top5pct_mass,0.16821138560771942
EntropyFlow,31,top5pct_mass,0.17563173174858093
EntropyFlow,32,top5pct_mass,0.16803474724292755
EntropyFlow,33,top5pct_mass,0.20149585604667664
EntropyFlow,34,top5pct_mass,0.16434213519096375
EntropyFlow,35,top5pct_mass,0.16004185378551483
EntropyFlow,36,top5pct_mass,0.16568630933761597
EntropyFlow,37,top5pct_mass,0.18437178432941437
EntropyFlow,38,top5pct_mass,0.19294877350330353
EntropyFlow,39,top5pct_mass,0.1716628074645996
EntropyFlow,40,top5pct_mass,0.2095874398946762
EntropyFlow,41,top5pct_mass,0.1680113822221756
EntropyFlow,42,top5pct_mass,0.16081739962100983
EntropyFlow,43,top5pct_mass,0.15929211676120758
EntropyFlow,44,top5pct_mass,0.18582235276699066
EntropyFlow,45,top5pct_mass,0.21384888887405396
EntropyFlow,46,top5pct_mass,0.17302823066711426
EntropyFlow,47,top5pct_mass,0.19645455479621887
EntropyFlow,48,top5pct_mass,0.15877820551395416
EntropyFlow,49,top5pct_mass,0.16203714907169342
EntropyFlow,50,top5pct_mass,0.17551444470882416
EntropyFlow,51,top5pct_mass,0.2284959852695465
EntropyFlow,52,top5pct_mass,0.17069850862026215
EntropyFlow,53,top5pct_mass,0.1784326136112213
EntropyFlow,54,top5pct_mass,0.17472045123577118
EntropyFlow,55,top5pct_mass,0.17242379486560822
EntropyFlow,56,top5pct_mass,0.17283596098423004
EntropyFlow,57,top5pct_mass,0.1823844164609909
EntropyFlow,58,top5pct_mass,0.1899968385696411
EntropyFlow,59,top5pct_mass,0.18917515873908997
EntropyFlow,60,top5pct_mass,0.16087156534194946
EntropyFlow,61,top5pct_mass,0.1663474589586258
EntropyFlow,62,top5pct_mass,0.21036134660243988
EntropyFlow,63,top5pct_mass,0.1585240215063095
EntropyFlow,0,total_variation,0.5705435276031494
EntropyFlow,1,total_variation,0.5531103610992432
EntropyFlow,2,total_variation,0.584119439125061
EntropyFlow,3,total_variation,0.4915662407875061
EntropyFlow,4,total_variation,0.5550106763839722
EntropyFlow,5,total_variation,0.5540074706077576
EntropyFlow,6,total_variation,0.5661599040031433
EntropyFlow,7,total_variation,0.5191456079483032
EntropyFlow,8,total_variation,0.4358651041984558
EntropyFlow,9,total_variation,0.4317260980606079
EntropyFlow,10,total_variation,0.5285763144493103
EntropyFlow,11,total_variation,0.5896880626678467
EntropyFlow,12,total_variation,0.5056796073913574
EntropyFlow,13,total_variation,0.4507339596748352
EntropyFlow,14,total_variation,0.5430137515068054
EntropyFlow,15,total_variation,0.5424935221672058
EntropyFlow,16,total_variation,0.5312318801879883
EntropyFlow,17,total_variation,0.5559148192405701
EntropyFlow,18,total_variation,0.44700491428375244
EntropyFlow,19,total_variation,0.5450164079666138
EntropyFlow,20,total_variation,0.5566558241844177
EntropyFlow,21,total_variation,0.5665783882141113
EntropyFlow,22,total_variation,0.4440969228744507
EntropyFlow,23,total_variation,0.4976871907711029
EntropyFlow,24,total_variation,0.5578449964523315
EntropyFlow,25,total_variation,0.5525003671646118
EntropyFlow,26,total_variation,0.5392451882362366
EntropyFlow,27,total_variation,0.5603523254394531
EntropyFlow,28,total_variation,0.4821229577064514
EntropyFlow,29,total_variation,0.5102543830871582
EntropyFlow,30,total_variation,0.5279991626739502
EntropyFlow,31,total_variation,0.511693000793457
EntropyFlow,32,total_variation,0.5544354915618896
EntropyFlow,33,total_variation,0.4735358953475952
EntropyFlow,34,total_variation,0.5790923833847046
EntropyFlow,35,total_variation,0.5797476768493652
EntropyFlow,36,total_variation,0.5707669258117676
EntropyFlow,37,total_variation,0.5036556124687195
EntropyFlow,38,total_variation,0.5760738253593445
EntropyFlow,39,total_variation,0.5452526807785034
EntropyFlow,40,total_variation,0.49024292826652527
EntropyFlow,41,total_variation,0.5378412008285522
EntropyFlow,42,total_variation,0.5619503855705261
EntropyFlow,43,total_variation,0.5339354276657104
EntropyFlow,44,total_variation,0.5583763122558594
EntropyFlow,45,total_variation,0.46651265025138855
EntropyFlow,46,total_variation,0.5391747951507568
EntropyFlow,47,total_variation,0.47419819235801697
EntropyFlow,48,total_variation,0.5559576749801636
EntropyFlow,49,total_variation,0.5234725475311279
EntropyFlow,50,total_variation,0.53125
EntropyFlow,51,total_variation,0.521734893321991
EntropyFlow,52,total_variation,0.5704317688941956
EntropyFlow,53,total_variation,0.5335780382156372
EntropyFlow,54,total_variation,0.5507980585098267
EntropyFlow,55,total_variation,0.5134086012840271
EntropyFlow,56,total_variation,0.5384325385093689
EntropyFlow,57,total_variation,0.5141811370849609
EntropyFlow,58,total_variation,0.5371004343032837
EntropyFlow,59,total_variation,0.5593063831329346
EntropyFlow,60,total_variation,0.5388528108596802
EntropyFlow,61,total_variation,0.4623824656009674
EntropyFlow,62,total_variation,0.4166311025619507
EntropyFlow,63,total_variation,0.5538299083709717
EntropyFlow,0,channel_cancellation,0.1772281527519226
EntropyFlow,1,channel_cancellation,0.2057725191116333
EntropyFlow,2,channel_cancellation,0.1832675337791443
EntropyFlow,3,channel_cancellation,0.20088136196136475
EntropyFlow,4,channel_cancellation,0.1619272232055664
EntropyFlow,5,channel_cancellation,0.17955219745635986
EntropyFlow,6,channel_cancellation,0.18366080522537231
EntropyFlow,7,channel_cancellation,0.18538504838943481
EntropyFlow,8,channel_cancellation,0.2551197409629822
EntropyFlow,9,channel_cancellation,0.19328933954238892
EntropyFlow,10,channel_cancellation,0.17007899284362793
EntropyFlow,11,channel_cancellation,0.14555370807647705
EntropyFlow,12,channel_cancellation,0.1732279658317566
EntropyFlow,13,channel_cancellation,0.28610849380493164
EntropyFlow,14,channel_cancellation,0.1723020076751709
EntropyFlow,15,channel_cancellation,0.20656698942184448
EntropyFlow,16,channel_cancellation,0.24675911664962769
EntropyFlow,17,channel_cancellation,0.16691356897354126
EntropyFlow,18,channel_cancellation,0.16720837354660034
EntropyFlow,19,channel_cancellation,0.18897312879562378
EntropyFlow,20,channel_cancellation,0.17951935529708862
EntropyFlow,21,channel_cancellation,0.16374999284744263
EntropyFlow,22,channel_cancellation,0.18371647596359253
EntropyFlow,23,channel_cancellation,0.22186964750289917
EntropyFlow,24,channel_cancellation,0.1792135238647461
EntropyFlow,25,channel_cancellation,0.18538039922714233
EntropyFlow,26,channel_cancellation,0.18561315536499023
EntropyFlow,27,channel_cancellation,0.18737733364105225
EntropyFlow,28,channel_cancellation,0.18694299459457397
EntropyFlow,29,channel_cancellation,0.19272583723068237
EntropyFlow,30,channel_cancellation,0.198314368724823
EntropyFlow,31,channel_cancellation,0.20608192682266235
EntropyFlow,32,channel_cancellation,0.1830933690071106
EntropyFlow,33,channel_cancellation,0.19752174615859985
EntropyFlow,34,channel_cancellation,0.15304046869277954
EntropyFlow,35,channel_cancellation,0.1529213786125183
EntropyFlow,36,channel_cancellation,0.17800557613372803
EntropyFlow,37,channel_cancellation,0.20789140462875366
EntropyFlow,38,channel_cancellation,0.14863252639770508
EntropyFlow,39,channel_cancellation,0.17213356494903564
EntropyFlow,40,channel_cancellation,0.21142041683197021
EntropyFlow,41,channel_cancellation,0.2010475993156433
EntropyFlow,42,channel_cancellation,0.1943151354789734
EntropyFlow,43,channel_cancellation,0.22544080018997192
EntropyFlow,44,channel_cancellation,0.17955565452575684
EntropyFlow,45,channel_cancellation,0.16192078590393066
EntropyFlow,46,channel_cancellation,0.18553751707077026
EntropyFlow,47,channel_cancellation,0.16775816679000854
EntropyFlow,48,channel_cancellation,0.19970464706420898
EntropyFlow,49,channel_cancellation,0.23136037588119507
EntropyFlow,50,channel_cancellation,0.1551724076271057
EntropyFlow,51,channel_cancellation,0.18458205461502075
EntropyFlow,52,channel_cancellation,0.17779850959777832
EntropyFlow,53,channel_cancellation,0.18753087520599365
EntropyFlow,54,channel_cancellation,0.21853423118591309
EntropyFlow,55,channel_cancellation,0.19049972295761108
EntropyFlow,56,channel_cancellation,0.18088632822036743
EntropyFlow,57,channel_cancellation,0.16793370246887207
EntropyFlow,58,channel_cancellation,0.16297167539596558
EntropyFlow,59,channel_cancellation,0.15395456552505493
EntropyFlow,60,channel_cancellation,0.20222270488739014
EntropyFlow,61,channel_cancellation,0.1753639578819275
EntropyFlow,62,channel_cancellation,0.18992626667022705
EntropyFlow,63,channel_cancellation,0.20846670866012573
ClassEntropyFlow,0,gini,0.4042567312717438
ClassEntropyFlow,1,gini,0.4497387111186981
ClassEntropyFlow,2,gini,0.407500296831131
ClassEntropyFlow,3,gini,0.4887401759624481
ClassEntropyFlow,4,gini,0.3998056650161743
ClassEntropyFlow,5,gini,0.4646780788898468
ClassEntropyFlow,6,gini,0.41228944063186646
ClassEntropyFlow,7,gini,0.4904857277870178
ClassEntropyFlow,8,gini,0.4024513363838196
ClassEntropyFlow,9,gini,0.4312688112258911
ClassEntropyFlow,10,gini,0.41438227891921997
ClassEntropyFlow,11,gini,0.4305945336818695
ClassEntropyFlow,12,gini,0.44373050332069397
ClassEntropyFlow,13,gini,0.5928681492805481
ClassEntropyFlow,14,gini,0.4576868712902069
ClassEntropyFlow,15,gini,0.5340198874473572
ClassEntropyFlow,16,gini,0.42833489179611206
ClassEntropyFlow,17,gini,0.45176801085472107
ClassEntropyFlow,18,gini,0.4012294411659241
ClassEntropyFlow,19,gini,0.4964248538017273
ClassEntropyFlow,20,gini,0.4240068197250366
ClassEntropyFlow,21,gini,0.4548206031322479
ClassEntropyFlow,22,gini,0.412267804145813
ClassEntropyFlow,23,gini,0.46791011095046997
ClassEntropyFlow,24,gini,0.46307215094566345
ClassEntropyFlow,25,gini,0.4472764730453491
ClassEntropyFlow,26,gini,0.39091983437538147
ClassEntropyFlow,27,gini,0.3962112367153168
ClassEntropyFlow,28,gini,0.4159911274909973
ClassEntropyFlow,29,gini,0.4250618517398834
ClassEntropyFlow,30,gini,0.3954187333583832
ClassEntropyFlow,31,gini,0.40579602122306824
ClassEntropyFlow,32,gini,0.41742005944252014
ClassEntropyFlow,33,gini,0.43216612935066223
ClassEntropyFlow,34,gini,0.3792436420917511
ClassEntropyFlow,35,gini,0.3799992799758911
ClassEntropyFlow,36,gini,0.4170289933681488
ClassEntropyFlow,37,gini,0.43179652094841003
ClassEntropyFlow,38,gini,0.43149644136428833
ClassEntropyFlow,39,gini,0.5204887986183167
ClassEntropyFlow,40,gini,0.40878987312316895
ClassEntropyFlow,41,gini,0.39818692207336426
ClassEntropyFlow,42,gini,0.37792646884918213
ClassEntropyFlow,43,gini,0.42099645733833313
ClassEntropyFlow,44,gini,0.46880191564559937
ClassEntropyFlow,45,gini,0.4666062891483307
ClassEntropyFlow,46,gini,0.40948420763015747
ClassEntropyFlow,47,gini,0.44533154368400574
ClassEntropyFlow,48,gini,0.4808177649974823
ClassEntropyFlow,49,gini,0.40674829483032227
ClassEntropyFlow,50,gini,0.4601342976093292
ClassEntropyFlow,51,gini,0.40600889921188354
ClassEntropyFlow,52,gini,0.40875765681266785
ClassEntropyFlow,53,gini,0.4852541387081146
ClassEntropyFlow,54,gini,0.4621252715587616
ClassEntropyFlow,55,gini,0.5048788189888
ClassEntropyFlow,56,gini,0.4257880449295044
ClassEntropyFlow,57,gini,0.458753377199173
ClassEntropyFlow,58,gini,0.5066485404968262
ClassEntropyFlow,59,gini,0.453946977853775
ClassEntropyFlow,60,gini,0.3943626880645752
ClassEntropyFlow,61,gini,0.4348113536834717
ClassEntropyFlow,62,gini,0.43456244468688965
ClassEntropyFlow,63,gini,0.4161262512207031
ClassEntropyFlow,0,spatial_entropy,0.9742782115936279
ClassEntropyFlow,1,spatial_entropy,0.9675684571266174
ClassEntropyFlow,2,spatial_entropy,0.9740885496139526
ClassEntropyFlow,3,spatial_entropy,0.9613795876502991
ClassEntropyFlow,4,spatial_entropy,0.9751465916633606
ClassEntropyFlow,5,spatial_entropy,0.9661154747009277
ClassEntropyFlow,6,spatial_entropy,0.973183810710907
ClassEntropyFlow,7,spatial_entropy,0.9609909057617188
ClassEntropyFlow,8,spatial_entropy,0.9745369553565979
ClassEntropyFlow,9,spatial_entropy,0.9696441292762756
ClassEntropyFlow,10,spatial_entropy,0.9729548096656799
ClassEntropyFlow,11,spatial_entropy,0.9705197811126709
ClassEntropyFlow,12,spatial_entropy,0.9684052467346191
ClassEntropyFlow,13,spatial_entropy,0.940777063369751
ClassEntropyFlow,14,spatial_entropy,0.9650393724441528
ClassEntropyFlow,15,spatial_entropy,0.9520979523658752
ClassEntropyFlow,16,spatial_entropy,0.9708079695701599
ClassEntropyFlow,17,spatial_entropy,0.9679292440414429
ClassEntropyFlow,18,spatial_entropy,0.9745325446128845
ClassEntropyFlow,19,spatial_entropy,0.9610062837600708
ClassEntropyFlow,20,spatial_entropy,0.971204936504364
ClassEntropyFlow,21,spatial_entropy,0.9669944643974304
ClassEntropyFlow,22,spatial_entropy,0.9726666808128357
ClassEntropyFlow,23,spatial_entropy,0.9638791680335999
ClassEntropyFlow,24,spatial_entropy,0.9656699895858765
ClassEntropyFlow,25,spatial_entropy,0.9669533371925354
ClassEntropyFlow,26,spatial_entropy,0.9760359525680542
ClassEntropyFlow,27,spatial_entropy,0.9754628539085388
ClassEntropyFlow,28,spatial_entropy,0.9730592966079712
ClassEntropyFlow,29,spatial_entropy,0.9717161059379578
ClassEntropyFlow,30,spatial_entropy,0.9754354953765869
ClassEntropyFlow,31,spatial_entropy,0.9743459224700928
ClassEntropyFlow,32,spatial_entropy,0.9725731015205383
ClassEntropyFlow,33,spatial_entropy,0.969140350818634
ClassEntropyFlow,34,spatial_entropy,0.9778294563293457
ClassEntropyFlow,35,spatial_entropy,0.9777863025665283
ClassEntropyFlow,36,spatial_entropy,0.9728536605834961
ClassEntropyFlow,37,spatial_entropy,0.970544695854187
ClassEntropyFlow,38,spatial_entropy,0.970038115978241
ClassEntropyFlow,39,spatial_entropy,0.9562849998474121
ClassEntropyFlow,40,spatial_entropy,0.9734505414962769
ClassEntropyFlow,41,spatial_entropy,0.9750060439109802
ClassEntropyFlow,42,spatial_entropy,0.9777505993843079
ClassEntropyFlow,43,spatial_entropy,0.9718043208122253
ClassEntropyFlow,44,spatial_entropy,0.9644822478294373
ClassEntropyFlow,45,spatial_entropy,0.965221107006073
ClassEntropyFlow,46,spatial_entropy,0.9733309149742126
ClassEntropyFlow,47,spatial_entropy,0.968486487865448
ClassEntropyFlow,48,spatial_entropy,0.9626609086990356
ClassEntropyFlow,49,spatial_entropy,0.9740330576896667
ClassEntropyFlow,50,spatial_entropy,0.966513454914093
ClassEntropyFlow,51,spatial_entropy,0.9739364385604858
ClassEntropyFlow,52,spatial_entropy,0.9738725423812866
ClassEntropyFlow,53,spatial_entropy,0.9623081088066101
ClassEntropyFlow,54,spatial_entropy,0.965853750705719
ClassEntropyFlow,55,spatial_entropy,0.9574544429779053
ClassEntropyFlow,56,spatial_entropy,0.9717054963111877
ClassEntropyFlow,57,spatial_entropy,0.965510368347168
ClassEntropyFlow,58,spatial_entropy,0.9586637616157532
ClassEntropyFlow,59,spatial_entropy,0.9669721722602844
ClassEntropyFlow,60,spatial_entropy,0.975648045539856
ClassEntropyFlow,61,spatial_entropy,0.9697226285934448
ClassEntropyFlow,62,spatial_entropy,0.9700259566307068
ClassEntropyFlow,63,spatial_entropy,0.9724027514457703
ClassEntropyFlow,0,effective_support,0.7569983601570129
ClassEntropyFlow,1,effective_support,0.7039726376533508
ClassEntropyFlow,2,effective_support,0.755445659160614
ClassEntropyFlow,3,effective_support,0.6583622694015503
ClassEntropyFlow,4,effective_support,0.764146625995636
ClassEntropyFlow,5,effective_support,0.6929885745048523
ClassEntropyFlow,6,effective_support,0.7480844855308533
ClassEntropyFlow,7,effective_support,0.6555984616279602
ClassEntropyFlow,8,effective_support,0.7591210007667542
ClassEntropyFlow,9,effective_support,0.7199666500091553
ClassEntropyFlow,10,effective_support,0.7462323307991028
ClassEntropyFlow,11,effective_support,0.7268223762512207
ClassEntropyFlow,12,effective_support,0.7103769779205322
ClassEntropyFlow,13,effective_support,0.5267720222473145
ClassEntropyFlow,14,effective_support,0.6849637627601624
ClassEntropyFlow,15,effective_support,0.5954381823539734
ClassEntropyFlow,16,effective_support,0.7290931940078735
ClassEntropyFlow,17,effective_support,0.7067268490791321
ClassEntropyFlow,18,effective_support,0.7590848803520203
ClassEntropyFlow,19,effective_support,0.6557077169418335
ClassEntropyFlow,20,effective_support,0.7322321534156799
ClassEntropyFlow,21,effective_support,0.6996123790740967
ClassEntropyFlow,22,effective_support,0.7439091801643372
ClassEntropyFlow,23,effective_support,0.6764164566993713
ClassEntropyFlow,24,effective_support,0.6896553039550781
ClassEntropyFlow,25,effective_support,0.6993011832237244
ClassEntropyFlow,26,effective_support,0.7715377807617188
ClassEntropyFlow,27,effective_support,0.7667666077613831
ClassEntropyFlow,28,effective_support,0.7470768690109253
ClassEntropyFlow,29,effective_support,0.7362947463989258
ClassEntropyFlow,30,effective_support,0.7665395736694336
ClassEntropyFlow,31,effective_support,0.7575529217720032
ClassEntropyFlow,32,effective_support,0.7431561350822449
ClassEntropyFlow,33,effective_support,0.7160513997077942
ClassEntropyFlow,34,effective_support,0.7866606712341309
ClassEntropyFlow,35,effective_support,0.786293089389801
ClassEntropyFlow,36,effective_support,0.7454159259796143
ClassEntropyFlow,37,effective_support,0.7270184755325317
ClassEntropyFlow,38,effective_support,0.7230433821678162
ClassEntropyFlow,39,effective_support,0.623042643070221
ClassEntropyFlow,40,effective_support,0.7502471208572388
ClassEntropyFlow,41,effective_support,0.7629851698875427
ClassEntropyFlow,42,effective_support,0.7859896421432495
ClassEntropyFlow,43,effective_support,0.7369979619979858
ClassEntropyFlow,44,effective_support,0.6808459162712097
ClassEntropyFlow,45,effective_support,0.6863126158714294
ClassEntropyFlow,46,effective_support,0.7492762207984924
ClassEntropyFlow,47,effective_support,0.7110022902488708
ClassEntropyFlow,48,effective_support,0.6675559878349304
ClassEntropyFlow,49,effective_support,0.7549923658370972
ClassEntropyFlow,50,effective_support,0.69597989320755
ClassEntropyFlow,51,effective_support,0.7542032599449158
ClassEntropyFlow,52,effective_support,0.7536818981170654
ClassEntropyFlow,53,effective_support,0.6650120615959167
ClassEntropyFlow,54,effective_support,0.6910279989242554
ClassEntropyFlow,55,effective_support,0.6309789419174194
ClassEntropyFlow,56,effective_support,0.7362101078033447
ClassEntropyFlow,57,effective_support,0.6884645819664001
ClassEntropyFlow,58,effective_support,0.6392918229103088
ClassEntropyFlow,59,effective_support,0.6994435787200928
ClassEntropyFlow,60,effective_support,0.7683049440383911
ClassEntropyFlow,61,effective_support,0.7205784916877747
ClassEntropyFlow,62,effective_support,0.7229482531547546
ClassEntropyFlow,63,effective_support,0.741786777973175
ClassEntropyFlow,0,top1pct_mass,0.05462824925780296
ClassEntropyFlow,1,top1pct_mass,0.06481511145830154
ClassEntropyFlow,2,top1pct_mass,0.05283629149198532
ClassEntropyFlow,3,top1pct_mass,0.0711740106344223
ClassEntropyFlow,4,top1pct_mass,0.05138598755002022
ClassEntropyFlow,5,top1pct_mass,0.06038836017251015
ClassEntropyFlow,6,top1pct_mass,0.05646643787622452
ClassEntropyFlow,7,top1pct_mass,0.07261276990175247
ClassEntropyFlow,8,top1pct_mass,0.054642170667648315
ClassEntropyFlow,9,top1pct_mass,0.06730718910694122
ClassEntropyFlow,10,top1pct_mass,0.05589726194739342
ClassEntropyFlow,11,top1pct_mass,0.06012888625264168
ClassEntropyFlow,12,top1pct_mass,0.06495798379182816
ClassEntropyFlow,13,top1pct_mass,0.09798694401979446
ClassEntropyFlow,14,top1pct_mass,0.0768948569893837
ClassEntropyFlow,15,top1pct_mass,0.0870898887515068
ClassEntropyFlow,16,top1pct_mass,0.06071050092577934
ClassEntropyFlow,17,top1pct_mass,0.05875370651483536
ClassEntropyFlow,18,top1pct_mass,0.055905479937791824
ClassEntropyFlow,19,top1pct_mass,0.06354435533285141
ClassEntropyFlow,20,top1pct_mass,0.061585813760757446
ClassEntropyFlow,21,top1pct_mass,0.06368259340524673
ClassEntropyFlow,22,top1pct_mass,0.06115785986185074
ClassEntropyFlow,23,top1pct_mass,0.07398930191993713
ClassEntropyFlow,24,top1pct_mass,0.06590941548347473
ClassEntropyFlow,25,top1pct_mass,0.07120371609926224
ClassEntropyFlow,26,top1pct_mass,0.05207055062055588
ClassEntropyFlow,27,top1pct_mass,0.05224394425749779
ClassEntropyFlow,28,top1pct_mass,0.05273124948143959
ClassEntropyFlow,29,top1pct_mass,0.05507988855242729
ClassEntropyFlow,30,top1pct_mass,0.05300147831439972
ClassEntropyFlow,31,top1pct_mass,0.05238062143325806
ClassEntropyFlow,32,top1pct_mass,0.056186188012361526
ClassEntropyFlow,33,top1pct_mass,0.0704280287027359
ClassEntropyFlow,34,top1pct_mass,0.04686910659074783
ClassEntropyFlow,35,top1pct_mass,0.04647905007004738
ClassEntropyFlow,36,top1pct_mass,0.054155055433511734
ClassEntropyFlow,37,top1pct_mass,0.05899098142981529
ClassEntropyFlow,38,top1pct_mass,0.06318066269159317
ClassEntropyFlow,39,top1pct_mass,0.07435224205255508
ClassEntropyFlow,40,top1pct_mass,0.05771312862634659
ClassEntropyFlow,41,top1pct_mass,0.054934822022914886
ClassEntropyFlow,42,top1pct_mass,0.04910886287689209
ClassEntropyFlow,43,top1pct_mass,0.058653250336647034
ClassEntropyFlow,44,top1pct_mass,0.06922585517168045
ClassEntropyFlow,45,top1pct_mass,0.06556386500597
ClassEntropyFlow,46,top1pct_mass,0.05750527232885361
ClassEntropyFlow,47,top1pct_mass,0.06161016970872879
ClassEntropyFlow,48,top1pct_mass,0.07066340744495392
ClassEntropyFlow,49,top1pct_mass,0.054019395262002945
ClassEntropyFlow,50,top1pct_mass,0.062393639236688614
ClassEntropyFlow,51,top1pct_mass,0.05585064738988876
ClassEntropyFlow,52,top1pct_mass,0.053266577422618866
ClassEntropyFlow,53,top1pct_mass,0.06820061802864075
ClassEntropyFlow,54,top1pct_mass,0.06511766463518143
ClassEntropyFlow,55,top1pct_mass,0.08103079348802567
ClassEntropyFlow,56,top1pct_mass,0.0547090619802475
ClassEntropyFlow,57,top1pct_mass,0.07151622325181961
ClassEntropyFlow,58,top1pct_mass,0.07168666273355484
ClassEntropyFlow,59,top1pct_mass,0.06514999270439148
ClassEntropyFlow,60,top1pct_mass,0.05215166136622429
ClassEntropyFlow,61,top1pct_mass,0.06247222423553467
ClassEntropyFlow,62,top1pct_mass,0.06039910763502121
ClassEntropyFlow,63,top1pct_mass,0.05888547748327255
ClassEntropyFlow,0,top5pct_mass,0.18039610981941223
ClassEntropyFlow,1,top5pct_mass,0.20156484842300415
ClassEntropyFlow,2,top5pct_mass,0.17971479892730713
ClassEntropyFlow,3,top5pct_mass,0.22511298954486847
ClassEntropyFlow,4,top5pct_mass,0.1739891618490219
ClassEntropyFlow,5,top5pct_mass,0.2020699679851532
ClassEntropyFlow,6,top5pct_mass,0.18465614318847656
ClassEntropyFlow,7,top5pct_mass,0.22624605894088745
ClassEntropyFlow,8,top5pct_mass,0.1773100197315216
ClassEntropyFlow,9,top5pct_mass,0.20131374895572662
ClassEntropyFlow,10,top5pct_mass,0.18365059792995453
ClassEntropyFlow,11,top5pct_mass,0.1951608657836914
ClassEntropyFlow,12,top5pct_mass,0.20299798250198364
ClassEntropyFlow,13,top5pct_mass,0.2845315933227539
ClassEntropyFlow,14,top5pct_mass,0.2224106788635254
ClassEntropyFlow,15,top5pct_mass,0.2639405429363251
ClassEntropyFlow,16,top5pct_mass,0.19112421572208405
ClassEntropyFlow,17,top5pct_mass,0.19874721765518188
ClassEntropyFlow,18,top5pct_mass,0.1805020421743393
ClassEntropyFlow,19,top5pct_mass,0.20871755480766296
ClassEntropyFlow,20,top5pct_mass,0.1952148824930191
ClassEntropyFlow,21,top5pct_mass,0.20659111440181732
ClassEntropyFlow,22,top5pct_mass,0.18818841874599457
ClassEntropyFlow,23,top5pct_mass,0.2248438447713852
ClassEntropyFlow,24,top5pct_mass,0.2108226865530014
ClassEntropyFlow,25,top5pct_mass,0.21543926000595093
ClassEntropyFlow,26,top5pct_mass,0.17152878642082214
ClassEntropyFlow,27,top5pct_mass,0.17511796951293945
ClassEntropyFlow,28,top5pct_mass,0.17973582446575165
ClassEntropyFlow,29,top5pct_mass,0.1851295381784439
ClassEntropyFlow,30,top5pct_mass,0.17689482867717743
ClassEntropyFlow,31,top5pct_mass,0.1765763759613037
ClassEntropyFlow,32,top5pct_mass,0.1863608956336975
ClassEntropyFlow,33,top5pct_mass,0.20392277836799622
ClassEntropyFlow,34,top5pct_mass,0.1639065444469452
ClassEntropyFlow,35,top5pct_mass,0.16344398260116577
ClassEntropyFlow,36,top5pct_mass,0.18325801193714142
ClassEntropyFlow,37,top5pct_mass,0.19347871840000153
ClassEntropyFlow,38,top5pct_mass,0.1979028880596161
ClassEntropyFlow,39,top5pct_mass,0.23467247188091278
ClassEntropyFlow,40,top5pct_mass,0.18414431810379028
ClassEntropyFlow,41,top5pct_mass,0.17713120579719543
ClassEntropyFlow,42,top5pct_mass,0.1675097644329071
ClassEntropyFlow,43,top5pct_mass,0.1922762244939804
ClassEntropyFlow,44,top5pct_mass,0.2164340764284134
ClassEntropyFlow,45,top5pct_mass,0.21033412218093872
ClassEntropyFlow,46,top5pct_mass,0.18731799721717834
ClassEntropyFlow,47,top5pct_mass,0.19869254529476166
ClassEntropyFlow,48,top5pct_mass,0.22125878930091858
ClassEntropyFlow,49,top5pct_mass,0.178662970662117
ClassEntropyFlow,50,top5pct_mass,0.2026577591896057
ClassEntropyFlow,51,top5pct_mass,0.1824008673429489
ClassEntropyFlow,52,top5pct_mass,0.18080133199691772
ClassEntropyFlow,53,top5pct_mass,0.21932075917720795
ClassEntropyFlow,54,top5pct_mass,0.20988209545612335
ClassEntropyFlow,55,top5pct_mass,0.2490771859884262
ClassEntropyFlow,56,top5pct_mass,0.1861695945262909
ClassEntropyFlow,57,top5pct_mass,0.21805235743522644
ClassEntropyFlow,58,top5pct_mass,0.23220188915729523
ClassEntropyFlow,59,top5pct_mass,0.20697210729122162
ClassEntropyFlow,60,top5pct_mass,0.17551447451114655
ClassEntropyFlow,61,top5pct_mass,0.19800180196762085
ClassEntropyFlow,62,top5pct_mass,0.19442953169345856
ClassEntropyFlow,63,top5pct_mass,0.1908508688211441
ClassEntropyFlow,0,total_variation,0.575788140296936
ClassEntropyFlow,1,total_variation,0.561710000038147
ClassEntropyFlow,2,total_variation,0.5827469825744629
ClassEntropyFlow,3,total_variation,0.5319677591323853
ClassEntropyFlow,4,total_variation,0.562128484249115
ClassEntropyFlow,5,total_variation,0.5555239915847778
ClassEntropyFlow,6,total_variation,0.5681840181350708
ClassEntropyFlow,7,total_variation,0.5312408208847046
ClassEntropyFlow,8,total_variation,0.47999221086502075
ClassEntropyFlow,9,total_variation,0.5007486939430237
ClassEntropyFlow,10,total_variation,0.5390527248382568
ClassEntropyFlow,11,total_variation,0.5911690592765808
ClassEntropyFlow,12,total_variation,0.5106329917907715
ClassEntropyFlow,13,total_variation,0.5103820562362671
ClassEntropyFlow,14,total_variation,0.5473501086235046
ClassEntropyFlow,15,total_variation,0.5578217506408691
ClassEntropyFlow,16,total_variation,0.5365760326385498
ClassEntropyFlow,17,total_variation,0.5603999495506287
ClassEntropyFlow,18,total_variation,0.483247846364975
ClassEntropyFlow,19,total_variation,0.5421715974807739
ClassEntropyFlow,20,total_variation,0.5670498609542847
ClassEntropyFlow,21,total_variation,0.5876517295837402
ClassEntropyFlow,22,total_variation,0.4947011470794678
ClassEntropyFlow,23,total_variation,0.5066883563995361
ClassEntropyFlow,24,total_variation,0.5583857297897339
ClassEntropyFlow,25,total_variation,0.5550875663757324
ClassEntropyFlow,26,total_variation,0.545028030872345
ClassEntropyFlow,27,total_variation,0.5627480745315552
ClassEntropyFlow,28,total_variation,0.4948973059654236
ClassEntropyFlow,29,total_variation,0.5175487995147705
ClassEntropyFlow,30,total_variation,0.5217986702919006
ClassEntropyFlow,31,total_variation,0.5100967884063721
ClassEntropyFlow,32,total_variation,0.5568528175354004
ClassEntropyFlow,33,total_variation,0.4744827151298523
ClassEntropyFlow,34,total_variation,0.5763765573501587
ClassEntropyFlow,35,total_variation,0.5809346437454224
ClassEntropyFlow,36,total_variation,0.5743181109428406
ClassEntropyFlow,37,total_variation,0.5108916759490967
ClassEntropyFlow,38,total_variation,0.5811827778816223
ClassEntropyFlow,39,total_variation,0.5541439056396484
ClassEntropyFlow,40,total_variation,0.5103498697280884
ClassEntropyFlow,41,total_variation,0.5396369695663452
ClassEntropyFlow,42,total_variation,0.5635845065116882
ClassEntropyFlow,43,total_variation,0.5349382162094116
ClassEntropyFlow,44,total_variation,0.5786217451095581
ClassEntropyFlow,45,total_variation,0.5123648047447205
ClassEntropyFlow,46,total_variation,0.5359037518501282
ClassEntropyFlow,47,total_variation,0.4696977436542511
ClassEntropyFlow,48,total_variation,0.5685110092163086
ClassEntropyFlow,49,total_variation,0.5271936655044556
ClassEntropyFlow,50,total_variation,0.5549216866493225
ClassEntropyFlow,51,total_variation,0.5296097993850708
ClassEntropyFlow,52,total_variation,0.5789701342582703
ClassEntropyFlow,53,total_variation,0.5530362129211426
ClassEntropyFlow,54,total_variation,0.5517050623893738
ClassEntropyFlow,55,total_variation,0.5227481722831726
ClassEntropyFlow,56,total_variation,0.5398851633071899
ClassEntropyFlow,57,total_variation,0.5145813226699829
ClassEntropyFlow,58,total_variation,0.558659553527832
ClassEntropyFlow,59,total_variation,0.5803722143173218
ClassEntropyFlow,60,total_variation,0.5450299382209778
ClassEntropyFlow,61,total_variation,0.4864073693752289
ClassEntropyFlow,62,total_variation,0.4816778898239136
ClassEntropyFlow,63,total_variation,0.5598617792129517
ClassEntropyFlow,0,channel_cancellation,0.1729820966720581
ClassEntropyFlow,1,channel_cancellation,0.1970195770263672
ClassEntropyFlow,2,channel_cancellation,0.18503576517105103
ClassEntropyFlow,3,channel_cancellation,0.1904747486114502
ClassEntropyFlow,4,channel_cancellation,0.17420804500579834
ClassEntropyFlow,5,channel_cancellation,0.18345028162002563
ClassEntropyFlow,6,channel_cancellation,0.18820637464523315
ClassEntropyFlow,7,channel_cancellation,0.18913638591766357
ClassEntropyFlow,8,channel_cancellation,0.22490167617797852
ClassEntropyFlow,9,channel_cancellation,0.16432881355285645
ClassEntropyFlow,10,channel_cancellation,0.17731338739395142
ClassEntropyFlow,11,channel_cancellation,0.14513587951660156
ClassEntropyFlow,12,channel_cancellation,0.17773878574371338
ClassEntropyFlow,13,channel_cancellation,0.20215535163879395
ClassEntropyFlow,14,channel_cancellation,0.17401021718978882
ClassEntropyFlow,15,channel_cancellation,0.1828984022140503
ClassEntropyFlow,16,channel_cancellation,0.24287211894989014
ClassEntropyFlow,17,channel_cancellation,0.1712612509727478
ClassEntropyFlow,18,channel_cancellation,0.17086315155029297
ClassEntropyFlow,19,channel_cancellation,0.1960153579711914
ClassEntropyFlow,20,channel_cancellation,0.1718502640724182
ClassEntropyFlow,21,channel_cancellation,0.14520353078842163
ClassEntropyFlow,22,channel_cancellation,0.17415213584899902
ClassEntropyFlow,23,channel_cancellation,0.21794527769088745
ClassEntropyFlow,24,channel_cancellation,0.1867426037788391
ClassEntropyFlow,25,channel_cancellation,0.19170409440994263
ClassEntropyFlow,26,channel_cancellation,0.18921440839767456
ClassEntropyFlow,27,channel_cancellation,0.18848562240600586
ClassEntropyFlow,28,channel_cancellation,0.17877840995788574
ClassEntropyFlow,29,channel_cancellation,0.19260579347610474
ClassEntropyFlow,30,channel_cancellation,0.20451688766479492
ClassEntropyFlow,31,channel_cancellation,0.21052169799804688
ClassEntropyFlow,32,channel_cancellation,0.18443655967712402
ClassEntropyFlow,33,channel_cancellation,0.19688951969146729
ClassEntropyFlow,34,channel_cancellation,0.15741068124771118
ClassEntropyFlow,35,channel_cancellation,0.1549549698829651
ClassEntropyFlow,36,channel_cancellation,0.17607593536376953
ClassEntropyFlow,37,channel_cancellation,0.21448004245758057
ClassEntropyFlow,38,channel_cancellation,0.14291352033615112
ClassEntropyFlow,39,channel_cancellation,0.17861098051071167
ClassEntropyFlow,40,channel_cancellation,0.22788089513778687
ClassEntropyFlow,41,channel_cancellation,0.20650851726531982
ClassEntropyFlow,42,channel_cancellation,0.19133144617080688
ClassEntropyFlow,43,channel_cancellation,0.22934234142303467
ClassEntropyFlow,44,channel_cancellation,0.15989083051681519
ClassEntropyFlow,45,channel_cancellation,0.1655569076538086
ClassEntropyFlow,46,channel_cancellation,0.19589251279830933
ClassEntropyFlow,47,channel_cancellation,0.1781190037727356
ClassEntropyFlow,48,channel_cancellation,0.18909376859664917
ClassEntropyFlow,49,channel_cancellation,0.22706162929534912
ClassEntropyFlow,50,channel_cancellation,0.15759992599487305
ClassEntropyFlow,51,channel_cancellation,0.1905180811882019
ClassEntropyFlow,52,channel_cancellation,0.17506343126296997
ClassEntropyFlow,53,channel_cancellation,0.18950778245925903
ClassEntropyFlow,54,channel_cancellation,0.22437071800231934
ClassEntropyFlow,55,channel_cancellation,0.21192455291748047
ClassEntropyFlow,56,channel_cancellation,0.1900864839553833
ClassEntropyFlow,57,channel_cancellation,0.16545993089675903
ClassEntropyFlow,58,channel_cancellation,0.15643280744552612
ClassEntropyFlow,59,channel_cancellation,0.15101110935211182
ClassEntropyFlow,60,channel_cancellation,0.20210158824920654
ClassEntropyFlow,61,channel_cancellation,0.17838215827941895
ClassEntropyFlow,62,channel_cancellation,0.17648154497146606
ClassEntropyFlow,63,channel_cancellation,0.20171719789505005
Gradient,0,gini,0.41028574109077454
Gradient,1,gini,0.47803425788879395
Gradient,2,gini,0.4069972634315491
Gradient,3,gini,0.47201305627822876
Gradient,4,gini,0.4372830390930176
Gradient,5,gini,0.46123453974723816
Gradient,6,gini,0.4046640396118164
Gradient,7,gini,0.4548473358154297
Gradient,8,gini,0.46935728192329407
Gradient,9,gini,0.4887892007827759
Gradient,10,gini,0.44853684306144714
Gradient,11,gini,0.46780943870544434
Gradient,12,gini,0.5137386322021484
Gradient,13,gini,0.537264347076416
Gradient,14,gini,0.4175836145877838
Gradient,15,gini,0.5726931691169739
Gradient,16,gini,0.4422929584980011
Gradient,17,gini,0.43235069513320923
Gradient,18,gini,0.46107643842697144
Gradient,19,gini,0.4481728971004486
Gradient,20,gini,0.44579535722732544
Gradient,21,gini,0.46129587292671204
Gradient,22,gini,0.49806249141693115
Gradient,23,gini,0.5207148790359497
Gradient,24,gini,0.45405349135398865
Gradient,25,gini,0.44687652587890625
Gradient,26,gini,0.44300079345703125
Gradient,27,gini,0.43678170442581177
Gradient,28,gini,0.47897735238075256
Gradient,29,gini,0.4415985643863678
Gradient,30,gini,0.4883679449558258
Gradient,31,gini,0.4369361400604248
Gradient,32,gini,0.4329841136932373
Gradient,33,gini,0.5551378130912781
Gradient,34,gini,0.39517340064048767
Gradient,35,gini,0.4038800597190857
Gradient,36,gini,0.430505633354187
Gradient,37,gini,0.4358079731464386
Gradient,38,gini,0.4871661961078644
Gradient,39,gini,0.5583613514900208
Gradient,40,gini,0.5105608105659485
Gradient,41,gini,0.4790066182613373
Gradient,42,gini,0.4142286479473114
Gradient,43,gini,0.4442789554595947
Gradient,44,gini,0.44667282700538635
Gradient,45,gini,0.4760065972805023
Gradient,46,gini,0.42012181878089905
Gradient,47,gini,0.52093106508255
Gradient,48,gini,0.5114856362342834
Gradient,49,gini,0.44085410237312317
Gradient,50,gini,0.4704558253288269
Gradient,51,gini,0.43314626812934875
Gradient,52,gini,0.39981746673583984
Gradient,53,gini,0.5113200545310974
Gradient,54,gini,0.44500622153282166
Gradient,55,gini,0.4589649438858032
Gradient,56,gini,0.423893541097641
Gradient,57,gini,0.4867587089538574
Gradient,58,gini,0.4745936989784241
Gradient,59,gini,0.48096439242362976
Gradient,60,gini,0.42329952120780945
Gradient,61,gini,0.45557478070259094
Gradient,62,gini,0.4952425956726074
Gradient,63,gini,0.44565215706825256
Gradient,0,spatial_entropy,0.9735682010650635
Gradient,1,spatial_entropy,0.9633308053016663
Gradient,2,spatial_entropy,0.9740986227989197
Gradient,3,spatial_entropy,0.9636147618293762
Gradient,4,spatial_entropy,0.9688701629638672
Gradient,5,spatial_entropy,0.9665417671203613
Gradient,6,spatial_entropy,0.9738696813583374
Gradient,7,spatial_entropy,0.9670729041099548
Gradient,8,spatial_entropy,0.9642712473869324
Gradient,9,spatial_entropy,0.960946261882782
Gradient,10,spatial_entropy,0.9679999351501465
Gradient,11,spatial_entropy,0.9652355313301086
Gradient,12,spatial_entropy,0.9558289647102356
Gradient,13,spatial_entropy,0.9517096281051636
Gradient,14,spatial_entropy,0.9722216725349426
Gradient,15,spatial_entropy,0.9417344927787781
Gradient,16,spatial_entropy,0.969026505947113
Gradient,17,spatial_entropy,0.9709411263465881
Gradient,18,spatial_entropy,0.9651002883911133
Gradient,19,spatial_entropy,0.9683989882469177
Gradient,20,spatial_entropy,0.9679157137870789
Gradient,21,spatial_entropy,0.9660977721214294
Gradient,22,spatial_entropy,0.9585076570510864
Gradient,23,spatial_entropy,0.9519057869911194
Gradient,24,spatial_entropy,0.9668232798576355
Gradient,25,spatial_entropy,0.9675238132476807
Gradient,26,spatial_entropy,0.9683491587638855
Gradient,27,spatial_entropy,0.9684391617774963
Gradient,28,spatial_entropy,0.9627827405929565
Gradient,29,spatial_entropy,0.9687271118164062
Gradient,30,spatial_entropy,0.95973140001297
Gradient,31,spatial_entropy,0.9692297577857971
Gradient,32,spatial_entropy,0.9701024293899536
Gradient,33,spatial_entropy,0.9447369575500488
Gradient,34,spatial_entropy,0.9755915999412537
Gradient,35,spatial_entropy,0.9740652441978455
Gradient,36,spatial_entropy,0.9712413549423218
Gradient,37,spatial_entropy,0.9699137806892395
Gradient,38,spatial_entropy,0.9602481722831726
Gradient,39,spatial_entropy,0.9478248953819275
Gradient,40,spatial_entropy,0.9536059498786926
Gradient,41,spatial_entropy,0.9607529044151306
Gradient,42,spatial_entropy,0.9726194739341736
Gradient,43,spatial_entropy,0.9671273827552795
Gradient,44,spatial_entropy,0.9688423275947571
Gradient,45,spatial_entropy,0.9633628726005554
Gradient,46,spatial_entropy,0.972119152545929
Gradient,47,spatial_entropy,0.9541029334068298
Gradient,48,spatial_entropy,0.957361102104187
Gradient,49,spatial_entropy,0.9689894318580627
Gradient,50,spatial_entropy,0.9647942185401917
Gradient,51,spatial_entropy,0.970506489276886
Gradient,52,spatial_entropy,0.9749001860618591
Gradient,53,spatial_entropy,0.9569507241249084
Gradient,54,spatial_entropy,0.9677333831787109
Gradient,55,spatial_entropy,0.9657031893730164
Gradient,56,spatial_entropy,0.9716446995735168
Gradient,57,spatial_entropy,0.9614925384521484
Gradient,58,spatial_entropy,0.964116632938385
Gradient,59,spatial_entropy,0.9615865349769592
Gradient,60,spatial_entropy,0.9714484810829163
Gradient,61,spatial_entropy,0.9669621586799622
Gradient,62,spatial_entropy,0.9589749574661255
Gradient,63,spatial_entropy,0.9661532044410706
Gradient,0,effective_support,0.7512034177780151
Gradient,1,effective_support,0.6724139451980591
Gradient,2,effective_support,0.7555280327796936
Gradient,3,effective_support,0.6744835376739502
Gradient,4,effective_support,0.7139609456062317
Gradient,5,effective_support,0.6961929202079773
Gradient,6,effective_support,0.7536585330963135
Gradient,7,effective_support,0.7002069354057312
Gradient,8,effective_support,0.679293155670166
Gradient,9,effective_support,0.6552817821502686
Gradient,10,effective_support,0.7072675824165344
Gradient,11,effective_support,0.6864197254180908
Gradient,12,effective_support,0.6199749112129211
Gradient,13,effective_support,0.5929408669471741
Gradient,14,effective_support,0.7403348684310913
Gradient,15,effective_support,0.5322594046592712
Gradient,16,effective_support,0.7151696085929871
Gradient,17,effective_support,0.7301446795463562
Gradient,18,effective_support,0.6854158639907837
Gradient,19,effective_support,0.710328996181488
Gradient,20,effective_support,0.7066231369972229
Gradient,21,effective_support,0.6928556561470032
Gradient,22,effective_support,0.6382126212120056
Gradient,23,effective_support,0.594200849533081
Gradient,24,effective_support,0.6983177661895752
Gradient,25,effective_support,0.7036325931549072
Gradient,26,effective_support,0.7099459767341614
Gradient,27,effective_support,0.7106381058692932
Gradient,28,effective_support,0.6684369444847107
Gradient,29,effective_support,0.7128559947013855
Gradient,30,effective_support,0.6467220783233643
Gradient,31,effective_support,0.7167447209358215
Gradient,32,effective_support,0.7235468626022339
Gradient,33,effective_support,0.5498400926589966
Gradient,34,effective_support,0.767835795879364
Gradient,35,effective_support,0.755255401134491
Gradient,36,effective_support,0.7325212359428406
Gradient,37,effective_support,0.7220708727836609
Gradient,38,effective_support,0.6503493189811707
Gradient,39,effective_support,0.5685270428657532
Gradient,40,effective_support,0.6052361130714417
Gradient,41,effective_support,0.653911828994751
Gradient,42,effective_support,0.7435290813446045
Gradient,43,effective_support,0.7006199359893799
Gradient,44,effective_support,0.7137457132339478
Gradient,45,effective_support,0.6726473569869995
Gradient,46,effective_support,0.739513635635376
Gradient,47,effective_support,0.6085007190704346
Gradient,48,effective_support,0.6303415298461914
Gradient,49,effective_support,0.7148827314376831
Gradient,50,effective_support,0.6831487417221069
Gradient,51,effective_support,0.7267181277275085
Gradient,52,effective_support,0.7621111273765564
Gradient,53,effective_support,0.6275480389595032
Gradient,54,effective_support,0.7052302360534668
Gradient,55,effective_support,0.6899028420448303
Gradient,56,effective_support,0.735725998878479
Gradient,57,effective_support,0.659167468547821
Gradient,58,effective_support,0.6781572103500366
Gradient,59,effective_support,0.6598383784294128
Gradient,60,effective_support,0.7341650128364563
Gradient,61,effective_support,0.6993677616119385
Gradient,62,effective_support,0.6414485573768616
Gradient,63,effective_support,0.6932712197303772
Gradient,0,top1pct_mass,0.05444782227277756
Gradient,1,top1pct_mass,0.06764373928308487
Gradient,2,top1pct_mass,0.05353497341275215
Gradient,3,top1pct_mass,0.07287541031837463
Gradient,4,top1pct_mass,0.06663094460964203
Gradient,5,top1pct_mass,0.06066334247589111
Gradient,6,top1pct_mass,0.05712040513753891
Gradient,7,top1pct_mass,0.06378361582756042
Gradient,8,top1pct_mass,0.0707777589559555
Gradient,9,top1pct_mass,0.0757596418261528
Gradient,10,top1pct_mass,0.06278882175683975
Gradient,11,top1pct_mass,0.06309335678815842
Gradient,12,top1pct_mass,0.0842166617512703
Gradient,13,top1pct_mass,0.08862335234880447
Gradient,14,top1pct_mass,0.05964842438697815
Gradient,15,top1pct_mass,0.1132500097155571
Gradient,16,top1pct_mass,0.060895469039678574
Gradient,17,top1pct_mass,0.0544036366045475
Gradient,18,top1pct_mass,0.07329164445400238
Gradient,19,top1pct_mass,0.05492067337036133
Gradient,20,top1pct_mass,0.06533807516098022
Gradient,21,top1pct_mass,0.06423573940992355
Gradient,22,top1pct_mass,0.08391506969928741
Gradient,23,top1pct_mass,0.09982141852378845
Gradient,24,top1pct_mass,0.06706704944372177
Gradient,25,top1pct_mass,0.0680830180644989
Gradient,26,top1pct_mass,0.06494881957769394
Gradient,27,top1pct_mass,0.07142624258995056
Gradient,28,top1pct_mass,0.07207565754652023
Gradient,29,top1pct_mass,0.064145527780056
Gradient,30,top1pct_mass,0.08359768986701965
Gradient,31,top1pct_mass,0.06460728496313095
Gradient,32,top1pct_mass,0.06081248074769974
Gradient,33,top1pct_mass,0.11001426726579666
Gradient,34,top1pct_mass,0.05172223225235939
Gradient,35,top1pct_mass,0.05683663859963417
Gradient,36,top1pct_mass,0.05343477055430412
Gradient,37,top1pct_mass,0.05920637771487236
Gradient,38,top1pct_mass,0.08064407855272293
Gradient,39,top1pct_mass,0.09138543158769608
Gradient,40,top1pct_mass,0.10156199336051941
Gradient,41,top1pct_mass,0.08681117743253708
Gradient,42,top1pct_mass,0.05879276990890503
Gradient,43,top1pct_mass,0.0721861869096756
Gradient,44,top1pct_mass,0.05696433037519455
Gradient,45,top1pct_mass,0.07082760334014893
Gradient,46,top1pct_mass,0.05702567845582962
Gradient,47,top1pct_mass,0.08842280507087708
Gradient,48,top1pct_mass,0.07768972963094711
Gradient,49,top1pct_mass,0.0628420040011406
Gradient,50,top1pct_mass,0.06532841920852661
Gradient,51,top1pct_mass,0.05747269466519356
Gradient,52,top1pct_mass,0.05329836532473564
Gradient,53,top1pct_mass,0.08047296851873398
Gradient,54,top1pct_mass,0.06872829049825668
Gradient,55,top1pct_mass,0.07041102647781372
Gradient,56,top1pct_mass,0.0575777105987072
Gradient,57,top1pct_mass,0.07295208424329758
Gradient,58,top1pct_mass,0.0650508850812912
Gradient,59,top1pct_mass,0.07925412058830261
Gradient,60,top1pct_mass,0.06009870767593384
Gradient,61,top1pct_mass,0.0632748156785965
Gradient,62,top1pct_mass,0.08284687250852585
Gradient,63,top1pct_mass,0.07941654324531555
Gradient,0,top5pct_mass,0.18030822277069092
Gradient,1,top5pct_mass,0.21769198775291443
Gradient,2,top5pct_mass,0.17924487590789795
Gradient,3,top5pct_mass,0.22033798694610596
Gradient,4,top5pct_mass,0.2079337239265442
Gradient,5,top5pct_mass,0.2007085680961609
Gradient,6,top5pct_mass,0.18694813549518585
Gradient,7,top5pct_mass,0.20258690416812897
Gradient,8,top5pct_mass,0.21779018640518188
Gradient,9,top5pct_mass,0.22722060978412628
Gradient,10,top5pct_mass,0.20012596249580383
Gradient,11,top5pct_mass,0.21052196621894836
Gradient,12,top5pct_mass,0.25229108333587646
Gradient,13,top5pct_mass,0.25790706276893616
Gradient,14,top5pct_mass,0.19024960696697235
Gradient,15,top5pct_mass,0.30613601207733154
Gradient,16,top5pct_mass,0.19731339812278748
Gradient,17,top5pct_mass,0.18344594538211823
Gradient,18,top5pct_mass,0.21792225539684296
Gradient,19,top5pct_mass,0.18577495217323303
Gradient,20,top5pct_mass,0.20786532759666443
Gradient,21,top5pct_mass,0.2074936330318451
Gradient,22,top5pct_mass,0.24297694861888885
Gradient,23,top5pct_mass,0.2606959939002991
Gradient,24,top5pct_mass,0.20731934905052185
Gradient,25,top5pct_mass,0.2089041918516159
Gradient,26,top5pct_mass,0.20589762926101685
Gradient,27,top5pct_mass,0.20819607377052307
Gradient,28,top5pct_mass,0.2182091772556305
Gradient,29,top5pct_mass,0.20143011212348938
Gradient,30,top5pct_mass,0.2443697154521942
Gradient,31,top5pct_mass,0.20266616344451904
Gradient,32,top5pct_mass,0.19651903212070465
Gradient,33,top5pct_mass,0.3041040599346161
Gradient,34,top5pct_mass,0.17451435327529907
Gradient,35,top5pct_mass,0.18393857777118683
Gradient,36,top5pct_mass,0.1843990832567215
Gradient,37,top5pct_mass,0.1969148814678192
Gradient,38,top5pct_mass,0.24161364138126373
Gradient,39,top5pct_mass,0.27107855677604675
Gradient,40,top5pct_mass,0.27360817790031433
Gradient,41,top5pct_mass,0.24326130747795105
Gradient,42,top5pct_mass,0.19008754193782806
Gradient,43,top5pct_mass,0.2187671959400177
Gradient,44,top5pct_mass,0.19377900660037994
Gradient,45,top5pct_mass,0.21948003768920898
Gradient,46,top5pct_mass,0.1880105584859848
Gradient,47,top5pct_mass,0.26008832454681396
Gradient,48,top5pct_mass,0.23620380461215973
Gradient,49,top5pct_mass,0.19862565398216248
Gradient,50,top5pct_mass,0.2086474895477295
Gradient,51,top5pct_mass,0.1906920075416565
Gradient,52,top5pct_mass,0.17916639149188995
Gradient,53,top5pct_mass,0.23929956555366516
Gradient,54,top5pct_mass,0.20875650644302368
Gradient,55,top5pct_mass,0.21118485927581787
Gradient,56,top5pct_mass,0.1883343905210495
Gradient,57,top5pct_mass,0.22613972425460815
Gradient,58,top5pct_mass,0.2133311778306961
Gradient,59,top5pct_mass,0.23113100230693817
Gradient,60,top5pct_mass,0.1930980533361435
Gradient,61,top5pct_mass,0.203093022108078
Gradient,62,top5pct_mass,0.24043595790863037
Gradient,63,top5pct_mass,0.22561456263065338
Gradient,0,total_variation,0.5909100770950317
Gradient,1,total_variation,0.5713642835617065
Gradient,2,total_variation,0.5773382186889648
Gradient,3,total_variation,0.6196925640106201
Gradient,4,total_variation,0.5925759077072144
Gradient,5,total_variation,0.5582144260406494
Gradient,6,total_variation,0.5684360265731812
Gradient,7,total_variation,0.5850509405136108
Gradient,8,total_variation,0.6033146977424622
Gradient,9,total_variation,0.6306264400482178
Gradient,10,total_variation,0.5637731552124023
Gradient,11,total_variation,0.6327097415924072
Gradient,12,total_variation,0.6177799701690674
Gradient,13,total_variation,0.5877475738525391
Gradient,14,total_variation,0.5946183204650879
Gradient,15,total_variation,0.5442211627960205
Gradient,16,total_variation,0.5144338607788086
Gradient,17,total_variation,0.5918776392936707
Gradient,18,total_variation,0.6423795223236084
Gradient,19,total_variation,0.5520330667495728
Gradient,20,total_variation,0.5387987494468689
Gradient,21,total_variation,0.5537694692611694
Gradient,22,total_variation,0.6292125582695007
Gradient,23,total_variation,0.5494149923324585
Gradient,24,total_variation,0.5672203898429871
Gradient,25,total_variation,0.5611951351165771
Gradient,26,total_variation,0.5958610773086548
Gradient,27,total_variation,0.5770654678344727
Gradient,28,total_variation,0.6271380186080933
Gradient,29,total_variation,0.6051942110061646
Gradient,30,total_variation,0.5879466533660889
Gradient,31,total_variation,0.5753756165504456
Gradient,32,total_variation,0.5852705240249634
Gradient,33,total_variation,0.6043702363967896
Gradient,34,total_variation,0.5745985507965088
Gradient,35,total_variation,0.5991613864898682
Gradient,36,total_variation,0.5645750761032104
Gradient,37,total_variation,0.577521562576294
Gradient,38,total_variation,0.6249098777770996
Gradient,39,total_variation,0.5839599370956421
Gradient,40,total_variation,0.5850085020065308
Gradient,41,total_variation,0.5754867196083069
Gradient,42,total_variation,0.5720953941345215
Gradient,43,total_variation,0.5253552198410034
Gradient,44,total_variation,0.5688387155532837
Gradient,45,total_variation,0.6474187970161438
Gradient,46,total_variation,0.5597058534622192
Gradient,47,total_variation,0.6085957884788513
Gradient,48,total_variation,0.5632116794586182
Gradient,49,total_variation,0.5337789058685303
Gradient,50,total_variation,0.574684739112854
Gradient,51,total_variation,0.5810955762863159
Gradient,52,total_variation,0.5595685243606567
Gradient,53,total_variation,0.5722858905792236
Gradient,54,total_variation,0.54881751537323
Gradient,55,total_variation,0.6000497341156006
Gradient,56,total_variation,0.5816287994384766
Gradient,57,total_variation,0.6237525939941406
Gradient,58,total_variation,0.6106221675872803
Gradient,59,total_variation,0.6239801049232483
Gradient,60,total_variation,0.5779623985290527
Gradient,61,total_variation,0.6196116209030151
Gradient,62,total_variation,0.6360007524490356
Gradient,63,total_variation,0.5592763423919678
Gradient,0,channel_cancellation,0.20176535844802856
Gradient,1,channel_cancellation,0.23688584566116333
Gradient,2,channel_cancellation,0.22131985425949097
Gradient,3,channel_cancellation,0.15668272972106934
Gradient,4,channel_cancellation,0.2078561782836914
Gradient,5,channel_cancellation,0.255229115486145
Gradient,6,channel_cancellation,0.22276794910430908
Gradient,7,channel_cancellation,0.20712482929229736
Gradient,8,channel_cancellation,0.17498892545700073
Gradient,9,channel_cancellation,0.13718509674072266
Gradient,10,channel_cancellation,0.23621457815170288
Gradient,11,channel_cancellation,0.1372973918914795
Gradient,12,channel_cancellation,0.1672770380973816
Gradient,13,channel_cancellation,0.16795462369918823
Gradient,14,channel_cancellation,0.1789463758468628
Gradient,15,channel_cancellation,0.27097493410110474
Gradient,16,channel_cancellation,0.36077380180358887
Gradient,17,channel_cancellation,0.17889505624771118
Gradient,18,channel_cancellation,0.12499076128005981
Gradient,19,channel_cancellation,0.2594844698905945
Gradient,20,channel_cancellation,0.28505468368530273
Gradient,21,channel_cancellation,0.24711835384368896
Gradient,22,channel_cancellation,0.1282857060432434
Gradient,23,channel_cancellation,0.248762845993042
Gradient,24,channel_cancellation,0.23867791891098022
Gradient,25,channel_cancellation,0.2483094334602356
Gradient,26,channel_cancellation,0.18271607160568237
Gradient,27,channel_cancellation,0.23319607973098755
Gradient,28,channel_cancellation,0.14046484231948853
Gradient,29,channel_cancellation,0.15633875131607056
Gradient,30,channel_cancellation,0.19581425189971924
Gradient,31,channel_cancellation,0.2141006588935852
Gradient,32,channel_cancellation,0.20665615797042847
Gradient,33,channel_cancellation,0.18587154150009155
Gradient,34,channel_cancellation,0.2101331353187561
Gradient,35,channel_cancellation,0.18319743871688843
Gradient,36,channel_cancellation,0.22752201557159424
Gradient,37,channel_cancellation,0.21647846698760986
Gradient,38,channel_cancellation,0.1488017439842224
Gradient,39,channel_cancellation,0.20727664232254028
Gradient,40,channel_cancellation,0.21354246139526367
Gradient,41,channel_cancellation,0.21784383058547974
Gradient,42,channel_cancellation,0.2173197865486145
Gradient,43,channel_cancellation,0.3290899991989136
Gradient,44,channel_cancellation,0.21819573640823364
Gradient,45,channel_cancellation,0.12450957298278809
Gradient,46,channel_cancellation,0.25164008140563965
Gradient,47,channel_cancellation,0.1606021523475647
Gradient,48,channel_cancellation,0.25183600187301636
Gradient,49,channel_cancellation,0.30151939392089844
Gradient,50,channel_cancellation,0.21727174520492554
Gradient,51,channel_cancellation,0.2016717791557312
Gradient,52,channel_cancellation,0.24422502517700195
Gradient,53,channel_cancellation,0.22722327709197998
Gradient,54,channel_cancellation,0.2875439524650574
Gradient,55,channel_cancellation,0.18777263164520264
Gradient,56,channel_cancellation,0.20253610610961914
Gradient,57,channel_cancellation,0.15837514400482178
Gradient,58,channel_cancellation,0.1633968949317932
Gradient,59,channel_cancellation,0.15302103757858276
Gradient,60,channel_cancellation,0.21984505653381348
Gradient,61,channel_cancellation,0.14832711219787598
Gradient,62,channel_cancellation,0.12368273735046387
Gradient,63,channel_cancellation,0.26027238368988037
Saliency,0,gini,0.41028574109077454
Saliency,1,gini,0.47803425788879395
Saliency,2,gini,0.4069972634315491
Saliency,3,gini,0.47201305627822876
Saliency,4,gini,0.4372830390930176
Saliency,5,gini,0.46123453974723816
Saliency,6,gini,0.4046640396118164
Saliency,7,gini,0.4548473358154297
Saliency,8,gini,0.46935728192329407
Saliency,9,gini,0.4887892007827759
Saliency,10,gini,0.44853684306144714
Saliency,11,gini,0.46780943870544434
Saliency,12,gini,0.5137386322021484
Saliency,13,gini,0.537264347076416
Saliency,14,gini,0.4175836145877838
Saliency,15,gini,0.5726931691169739
Saliency,16,gini,0.4422929584980011
Saliency,17,gini,0.43235069513320923
Saliency,18,gini,0.46107643842697144
Saliency,19,gini,0.4481728971004486
Saliency,20,gini,0.44579535722732544
Saliency,21,gini,0.46129587292671204
Saliency,22,gini,0.49806249141693115
Saliency,23,gini,0.5207148790359497
Saliency,24,gini,0.45405349135398865
Saliency,25,gini,0.44687652587890625
Saliency,26,gini,0.44300079345703125
Saliency,27,gini,0.43678170442581177
Saliency,28,gini,0.47897735238075256
Saliency,29,gini,0.4415985643863678
Saliency,30,gini,0.4883679449558258
Saliency,31,gini,0.4369361400604248
Saliency,32,gini,0.4329841136932373
Saliency,33,gini,0.5551378130912781
Saliency,34,gini,0.39517340064048767
Saliency,35,gini,0.4038800597190857
Saliency,36,gini,0.430505633354187
Saliency,37,gini,0.4358079731464386
Saliency,38,gini,0.4871661961078644
Saliency,39,gini,0.5583613514900208
Saliency,40,gini,0.5105608105659485
Saliency,41,gini,0.4790066182613373
Saliency,42,gini,0.4142286479473114
Saliency,43,gini,0.4442789554595947
Saliency,44,gini,0.44667282700538635
Saliency,45,gini,0.4760065972805023
Saliency,46,gini,0.42012181878089905
Saliency,47,gini,0.52093106508255
Saliency,48,gini,0.5114856362342834
Saliency,49,gini,0.44085410237312317
Saliency,50,gini,0.4704558253288269
Saliency,51,gini,0.43314626812934875
Saliency,52,gini,0.39981746673583984
Saliency,53,gini,0.5113200545310974
Saliency,54,gini,0.44500622153282166
Saliency,55,gini,0.4589649438858032
Saliency,56,gini,0.423893541097641
Saliency,57,gini,0.4867587089538574
Saliency,58,gini,0.4745936989784241
Saliency,59,gini,0.48096439242362976
Saliency,60,gini,0.42329952120780945
Saliency,61,gini,0.45557478070259094
Saliency,62,gini,0.4952425956726074
Saliency,63,gini,0.44565215706825256
Saliency,0,spatial_entropy,0.9735682010650635
Saliency,1,spatial_entropy,0.9633308053016663
Saliency,2,spatial_entropy,0.9740986227989197
Saliency,3,spatial_entropy,0.9636147618293762
Saliency,4,spatial_entropy,0.9688701629638672
Saliency,5,spatial_entropy,0.9665417671203613
Saliency,6,spatial_entropy,0.9738696813583374
Saliency,7,spatial_entropy,0.9670729041099548
Saliency,8,spatial_entropy,0.9642712473869324
Saliency,9,spatial_entropy,0.960946261882782
Saliency,10,spatial_entropy,0.9679999351501465
Saliency,11,spatial_entropy,0.9652355313301086
Saliency,12,spatial_entropy,0.9558289647102356
Saliency,13,spatial_entropy,0.9517096281051636
Saliency,14,spatial_entropy,0.9722216725349426
Saliency,15,spatial_entropy,0.9417344927787781
Saliency,16,spatial_entropy,0.969026505947113
Saliency,17,spatial_entropy,0.9709411263465881
Saliency,18,spatial_entropy,0.9651002883911133
Saliency,19,spatial_entropy,0.9683989882469177
Saliency,20,spatial_entropy,0.9679157137870789
Saliency,21,spatial_entropy,0.9660977721214294
Saliency,22,spatial_entropy,0.9585076570510864
Saliency,23,spatial_entropy,0.9519057869911194
Saliency,24,spatial_entropy,0.9668232798576355
Saliency,25,spatial_entropy,0.9675238132476807
Saliency,26,spatial_entropy,0.9683491587638855
Saliency,27,spatial_entropy,0.9684391617774963
Saliency,28,spatial_entropy,0.9627827405929565
Saliency,29,spatial_entropy,0.9687271118164062
Saliency,30,spatial_entropy,0.95973140001297
Saliency,31,spatial_entropy,0.9692297577857971
Saliency,32,spatial_entropy,0.9701024293899536
Saliency,33,spatial_entropy,0.9447369575500488
Saliency,34,spatial_entropy,0.9755915999412537
Saliency,35,spatial_entropy,0.9740652441978455
Saliency,36,spatial_entropy,0.9712413549423218
Saliency,37,spatial_entropy,0.9699137806892395
Saliency,38,spatial_entropy,0.9602481722831726
Saliency,39,spatial_entropy,0.9478248953819275
Saliency,40,spatial_entropy,0.9536059498786926
Saliency,41,spatial_entropy,0.9607529044151306
Saliency,42,spatial_entropy,0.9726194739341736
Saliency,43,spatial_entropy,0.9671273827552795
Saliency,44,spatial_entropy,0.9688423275947571
Saliency,45,spatial_entropy,0.9633628726005554
Saliency,46,spatial_entropy,0.972119152545929
Saliency,47,spatial_entropy,0.9541029334068298
Saliency,48,spatial_entropy,0.957361102104187
Saliency,49,spatial_entropy,0.9689894318580627
Saliency,50,spatial_entropy,0.9647942185401917
Saliency,51,spatial_entropy,0.970506489276886
Saliency,52,spatial_entropy,0.9749001860618591
Saliency,53,spatial_entropy,0.9569507241249084
Saliency,54,spatial_entropy,0.9677333831787109
Saliency,55,spatial_entropy,0.9657031893730164
Saliency,56,spatial_entropy,0.9716446995735168
Saliency,57,spatial_entropy,0.9614925384521484
Saliency,58,spatial_entropy,0.964116632938385
Saliency,59,spatial_entropy,0.9615865349769592
Saliency,60,spatial_entropy,0.9714484810829163
Saliency,61,spatial_entropy,0.9669621586799622
Saliency,62,spatial_entropy,0.9589749574661255
Saliency,63,spatial_entropy,0.9661532044410706
Saliency,0,effective_support,0.7512034177780151
Saliency,1,effective_support,0.6724139451980591
Saliency,2,effective_support,0.7555280327796936
Saliency,3,effective_support,0.6744835376739502
Saliency,4,effective_support,0.7139609456062317
Saliency,5,effective_support,0.6961929202079773
Saliency,6,effective_support,0.7536585330963135
Saliency,7,effective_support,0.7002069354057312
Saliency,8,effective_support,0.679293155670166
Saliency,9,effective_support,0.6552817821502686
Saliency,10,effective_support,0.7072675824165344
Saliency,11,effective_support,0.6864197254180908
Saliency,12,effective_support,0.6199749112129211
Saliency,13,effective_support,0.5929408669471741
Saliency,14,effective_support,0.7403348684310913
Saliency,15,effective_support,0.5322594046592712
Saliency,16,effective_support,0.7151696085929871
Saliency,17,effective_support,0.7301446795463562
Saliency,18,effective_support,0.6854158639907837
Saliency,19,effective_support,0.710328996181488
Saliency,20,effective_support,0.7066231369972229
Saliency,21,effective_support,0.6928556561470032
Saliency,22,effective_support,0.6382126212120056
Saliency,23,effective_support,0.594200849533081
Saliency,24,effective_support,0.6983177661895752
Saliency,25,effective_support,0.7036325931549072
Saliency,26,effective_support,0.7099459767341614
Saliency,27,effective_support,0.7106381058692932
Saliency,28,effective_support,0.6684369444847107
Saliency,29,effective_support,0.7128559947013855
Saliency,30,effective_support,0.6467220783233643
Saliency,31,effective_support,0.7167447209358215
Saliency,32,effective_support,0.7235468626022339
Saliency,33,effective_support,0.5498400926589966
Saliency,34,effective_support,0.767835795879364
Saliency,35,effective_support,0.755255401134491
Saliency,36,effective_support,0.7325212359428406
Saliency,37,effective_support,0.7220708727836609
Saliency,38,effective_support,0.6503493189811707
Saliency,39,effective_support,0.5685270428657532
Saliency,40,effective_support,0.6052361130714417
Saliency,41,effective_support,0.653911828994751
Saliency,42,effective_support,0.7435290813446045
Saliency,43,effective_support,0.7006199359893799
Saliency,44,effective_support,0.7137457132339478
Saliency,45,effective_support,0.6726473569869995
Saliency,46,effective_support,0.739513635635376
Saliency,47,effective_support,0.6085007190704346
Saliency,48,effective_support,0.6303415298461914
Saliency,49,effective_support,0.7148827314376831
Saliency,50,effective_support,0.6831487417221069
Saliency,51,effective_support,0.7267181277275085
Saliency,52,effective_support,0.7621111273765564
Saliency,53,effective_support,0.6275480389595032
Saliency,54,effective_support,0.7052302360534668
Saliency,55,effective_support,0.6899028420448303
Saliency,56,effective_support,0.735725998878479
Saliency,57,effective_support,0.659167468547821
Saliency,58,effective_support,0.6781572103500366
Saliency,59,effective_support,0.6598383784294128
Saliency,60,effective_support,0.7341650128364563
Saliency,61,effective_support,0.6993677616119385
Saliency,62,effective_support,0.6414485573768616
Saliency,63,effective_support,0.6932712197303772
Saliency,0,top1pct_mass,0.05444782227277756
Saliency,1,top1pct_mass,0.06764373928308487
Saliency,2,top1pct_mass,0.05353497341275215
Saliency,3,top1pct_mass,0.07287541031837463
Saliency,4,top1pct_mass,0.06663094460964203
Saliency,5,top1pct_mass,0.06066334247589111
Saliency,6,top1pct_mass,0.05712040513753891
Saliency,7,top1pct_mass,0.06378361582756042
Saliency,8,top1pct_mass,0.0707777589559555
Saliency,9,top1pct_mass,0.0757596418261528
Saliency,10,top1pct_mass,0.06278882175683975
Saliency,11,top1pct_mass,0.06309335678815842
Saliency,12,top1pct_mass,0.0842166617512703
Saliency,13,top1pct_mass,0.08862335234880447
Saliency,14,top1pct_mass,0.05964842438697815
Saliency,15,top1pct_mass,0.1132500097155571
Saliency,16,top1pct_mass,0.060895469039678574
Saliency,17,top1pct_mass,0.0544036366045475
Saliency,18,top1pct_mass,0.07329164445400238
Saliency,19,top1pct_mass,0.05492067337036133
Saliency,20,top1pct_mass,0.06533807516098022
Saliency,21,top1pct_mass,0.06423573940992355
Saliency,22,top1pct_mass,0.08391506969928741
Saliency,23,top1pct_mass,0.09982141852378845
Saliency,24,top1pct_mass,0.06706704944372177
Saliency,25,top1pct_mass,0.0680830180644989
Saliency,26,top1pct_mass,0.06494881957769394
Saliency,27,top1pct_mass,0.07142624258995056
Saliency,28,top1pct_mass,0.07207565754652023
Saliency,29,top1pct_mass,0.064145527780056
Saliency,30,top1pct_mass,0.08359768986701965
Saliency,31,top1pct_mass,0.06460728496313095
Saliency,32,top1pct_mass,0.06081248074769974
Saliency,33,top1pct_mass,0.11001426726579666
Saliency,34,top1pct_mass,0.05172223225235939
Saliency,35,top1pct_mass,0.05683663859963417
Saliency,36,top1pct_mass,0.05343477055430412
Saliency,37,top1pct_mass,0.05920637771487236
Saliency,38,top1pct_mass,0.08064407855272293
Saliency,39,top1pct_mass,0.09138543158769608
Saliency,40,top1pct_mass,0.10156199336051941
Saliency,41,top1pct_mass,0.08681117743253708
Saliency,42,top1pct_mass,0.05879276990890503
Saliency,43,top1pct_mass,0.0721861869096756
Saliency,44,top1pct_mass,0.05696433037519455
Saliency,45,top1pct_mass,0.07082760334014893
Saliency,46,top1pct_mass,0.05702567845582962
Saliency,47,top1pct_mass,0.08842280507087708
Saliency,48,top1pct_mass,0.07768972963094711
Saliency,49,top1pct_mass,0.0628420040011406
Saliency,50,top1pct_mass,0.06532841920852661
Saliency,51,top1pct_mass,0.05747269466519356
Saliency,52,top1pct_mass,0.05329836532473564
Saliency,53,top1pct_mass,0.08047296851873398
Saliency,54,top1pct_mass,0.06872829049825668
Saliency,55,top1pct_mass,0.07041102647781372
Saliency,56,top1pct_mass,0.0575777105987072
Saliency,57,top1pct_mass,0.07295208424329758
Saliency,58,top1pct_mass,0.0650508850812912
Saliency,59,top1pct_mass,0.07925412058830261
Saliency,60,top1pct_mass,0.06009870767593384
Saliency,61,top1pct_mass,0.0632748156785965
Saliency,62,top1pct_mass,0.08284687250852585
Saliency,63,top1pct_mass,0.07941654324531555
Saliency,0,top5pct_mass,0.18030822277069092
Saliency,1,top5pct_mass,0.21769198775291443
Saliency,2,top5pct_mass,0.17924487590789795
Saliency,3,top5pct_mass,0.22033798694610596
Saliency,4,top5pct_mass,0.2079337239265442
Saliency,5,top5pct_mass,0.2007085680961609
Saliency,6,top5pct_mass,0.18694813549518585
Saliency,7,top5pct_mass,0.20258690416812897
Saliency,8,top5pct_mass,0.21779018640518188
Saliency,9,top5pct_mass,0.22722060978412628
Saliency,10,top5pct_mass,0.20012596249580383
Saliency,11,top5pct_mass,0.21052196621894836
Saliency,12,top5pct_mass,0.25229108333587646
Saliency,13,top5pct_mass,0.25790706276893616
Saliency,14,top5pct_mass,0.19024960696697235
Saliency,15,top5pct_mass,0.30613601207733154
Saliency,16,top5pct_mass,0.19731339812278748
Saliency,17,top5pct_mass,0.18344594538211823
Saliency,18,top5pct_mass,0.21792225539684296
Saliency,19,top5pct_mass,0.18577495217323303
Saliency,20,top5pct_mass,0.20786532759666443
Saliency,21,top5pct_mass,0.2074936330318451
Saliency,22,top5pct_mass,0.24297694861888885
Saliency,23,top5pct_mass,0.2606959939002991
Saliency,24,top5pct_mass,0.20731934905052185
Saliency,25,top5pct_mass,0.2089041918516159
Saliency,26,top5pct_mass,0.20589762926101685
Saliency,27,top5pct_mass,0.20819607377052307
Saliency,28,top5pct_mass,0.2182091772556305
Saliency,29,top5pct_mass,0.20143011212348938
Saliency,30,top5pct_mass,0.2443697154521942
Saliency,31,top5pct_mass,0.20266616344451904
Saliency,32,top5pct_mass,0.19651903212070465
Saliency,33,top5pct_mass,0.3041040599346161
Saliency,34,top5pct_mass,0.17451435327529907
Saliency,35,top5pct_mass,0.18393857777118683
Saliency,36,top5pct_mass,0.1843990832567215
Saliency,37,top5pct_mass,0.1969148814678192
Saliency,38,top5pct_mass,0.24161364138126373
Saliency,39,top5pct_mass,0.27107855677604675
Saliency,40,top5pct_mass,0.27360817790031433
Saliency,41,top5pct_mass,0.24326130747795105
Saliency,42,top5pct_mass,0.19008754193782806
Saliency,43,top5pct_mass,0.2187671959400177
Saliency,44,top5pct_mass,0.19377900660037994
Saliency,45,top5pct_mass,0.21948003768920898
Saliency,46,top5pct_mass,0.1880105584859848
Saliency,47,top5pct_mass,0.26008832454681396
Saliency,48,top5pct_mass,0.23620380461215973
Saliency,49,top5pct_mass,0.19862565398216248
Saliency,50,top5pct_mass,0.2086474895477295
Saliency,51,top5pct_mass,0.1906920075416565
Saliency,52,top5pct_mass,0.17916639149188995
Saliency,53,top5pct_mass,0.23929956555366516
Saliency,54,top5pct_mass,0.20875650644302368
Saliency,55,top5pct_mass,0.21118485927581787
Saliency,56,top5pct_mass,0.1883343905210495
Saliency,57,top5pct_mass,0.22613972425460815
Saliency,58,top5pct_mass,0.2133311778306961
Saliency,59,top5pct_mass,0.23113100230693817
Saliency,60,top5pct_mass,0.1930980533361435
Saliency,61,top5pct_mass,0.203093022108078
Saliency,62,top5pct_mass,0.24043595790863037
Saliency,63,top5pct_mass,0.22561456263065338
Saliency,0,total_variation,0.5909100770950317
Saliency,1,total_variation,0.5713642835617065
Saliency,2,total_variation,0.5773382186889648
Saliency,3,total_variation,0.6196925640106201
Saliency,4,total_variation,0.5925759077072144
Saliency,5,total_variation,0.5582144260406494
Saliency,6,total_variation,0.5684360265731812
Saliency,7,total_variation,0.5850509405136108
Saliency,8,total_variation,0.6033146977424622
Saliency,9,total_variation,0.6306264400482178
Saliency,10,total_variation,0.5637731552124023
Saliency,11,total_variation,0.6327097415924072
Saliency,12,total_variation,0.6177799701690674
Saliency,13,total_variation,0.5877475738525391
Saliency,14,total_variation,0.5946183204650879
Saliency,15,total_variation,0.5442211627960205
Saliency,16,total_variation,0.5144338607788086
Saliency,17,total_variation,0.5918776392936707
Saliency,18,total_variation,0.6423795223236084
Saliency,19,total_variation,0.5520330667495728
Saliency,20,total_variation,0.5387987494468689
Saliency,21,total_variation,0.5537694692611694
Saliency,22,total_variation,0.6292125582695007
Saliency,23,total_variation,0.5494149923324585
Saliency,24,total_variation,0.5672203898429871
Saliency,25,total_variation,0.5611951351165771
Saliency,26,total_variation,0.5958610773086548
Saliency,27,total_variation,0.5770654678344727
Saliency,28,total_variation,0.6271380186080933
Saliency,29,total_variation,0.6051942110061646
Saliency,30,total_variation,0.5879466533660889
Saliency,31,total_variation,0.5753756165504456
Saliency,32,total_variation,0.5852705240249634
Saliency,33,total_variation,0.6043702363967896
Saliency,34,total_variation,0.5745985507965088
Saliency,35,total_variation,0.5991613864898682
Saliency,36,total_variation,0.5645750761032104
Saliency,37,total_variation,0.577521562576294
Saliency,38,total_variation,0.6249098777770996
Saliency,39,total_variation,0.5839599370956421
Saliency,40,total_variation,0.5850085020065308
Saliency,41,total_variation,0.5754867196083069
Saliency,42,total_variation,0.5720953941345215
Saliency,43,total_variation,0.5253552198410034
Saliency,44,total_variation,0.5688387155532837
Saliency,45,total_variation,0.6474187970161438
Saliency,46,total_variation,0.5597058534622192
Saliency,47,total_variation,0.6085957884788513
Saliency,48,total_variation,0.5632116794586182
Saliency,49,total_variation,0.5337789058685303
Saliency,50,total_variation,0.574684739112854
Saliency,51,total_variation,0.5810955762863159
Saliency,52,total_variation,0.5595685243606567
Saliency,53,total_variation,0.5722858905792236
Saliency,54,total_variation,0.54881751537323
Saliency,55,total_variation,0.6000497341156006
Saliency,56,total_variation,0.5816287994384766
Saliency,57,total_variation,0.6237525939941406
Saliency,58,total_variation,0.6106221675872803
Saliency,59,total_variation,0.6239801049232483
Saliency,60,total_variation,0.5779623985290527
Saliency,61,total_variation,0.6196116209030151
Saliency,62,total_variation,0.6360007524490356
Saliency,63,total_variation,0.5592763423919678
Saliency,0,channel_cancellation,0.0
Saliency,1,channel_cancellation,0.0
Saliency,2,channel_cancellation,1.1920928955078125e-07
Saliency,3,channel_cancellation,0.0
Saliency,4,channel_cancellation,0.0
Saliency,5,channel_cancellation,0.0
Saliency,6,channel_cancellation,-1.1920928955078125e-07
Saliency,7,channel_cancellation,-1.1920928955078125e-07
Saliency,8,channel_cancellation,0.0
Saliency,9,channel_cancellation,0.0
Saliency,10,channel_cancellation,0.0
Saliency,11,channel_cancellation,0.0
Saliency,12,channel_cancellation,0.0
Saliency,13,channel_cancellation,1.1920928955078125e-07
Saliency,14,channel_cancellation,5.960464477539063e-08
Saliency,15,channel_cancellation,0.0
Saliency,16,channel_cancellation,0.0
Saliency,17,channel_cancellation,0.0
Saliency,18,channel_cancellation,1.1920928955078125e-07
Saliency,19,channel_cancellation,0.0
Saliency,20,channel_cancellation,5.960464477539063e-08
Saliency,21,channel_cancellation,0.0
Saliency,22,channel_cancellation,-1.1920928955078125e-07
Saliency,23,channel_cancellation,1.7881393432617188e-07
Saliency,24,channel_cancellation,-1.1920928955078125e-07
Saliency,25,channel_cancellation,0.0
Saliency,26,channel_cancellation,0.0
Saliency,27,channel_cancellation,-1.1920928955078125e-07
Saliency,28,channel_cancellation,5.960464477539063e-08
Saliency,29,channel_cancellation,0.0
Saliency,30,channel_cancellation,0.0
Saliency,31,channel_cancellation,0.0
Saliency,32,channel_cancellation,-2.384185791015625e-07
Saliency,33,channel_cancellation,-1.1920928955078125e-07
Saliency,34,channel_cancellation,0.0
Saliency,35,channel_cancellation,0.0
Saliency,36,channel_cancellation,5.960464477539063e-08
Saliency,37,channel_cancellation,0.0
Saliency,38,channel_cancellation,0.0
Saliency,39,channel_cancellation,0.0
Saliency,40,channel_cancellation,1.1920928955078125e-07
Saliency,41,channel_cancellation,5.960464477539063e-08
Saliency,42,channel_cancellation,0.0
Saliency,43,channel_cancellation,0.0
Saliency,44,channel_cancellation,1.1920928955078125e-07
Saliency,45,channel_cancellation,0.0
Saliency,46,channel_cancellation,0.0
Saliency,47,channel_cancellation,-1.1920928955078125e-07
Saliency,48,channel_cancellation,0.0
Saliency,49,channel_cancellation,0.0
Saliency,50,channel_cancellation,0.0
Saliency,51,channel_cancellation,0.0
Saliency,52,channel_cancellation,0.0
Saliency,53,channel_cancellation,-1.1920928955078125e-07
Saliency,54,channel_cancellation,5.960464477539063e-08
Saliency,55,channel_cancellation,0.0
Saliency,56,channel_cancellation,1.1920928955078125e-07
Saliency,57,channel_cancellation,-1.1920928955078125e-07
Saliency,58,channel_cancellation,-1.1920928955078125e-07
Saliency,59,channel_cancellation,0.0
Saliency,60,channel_cancellation,0.0
Saliency,61,channel_cancellation,0.0
Saliency,62,channel_cancellation,0.0
Saliency,63,channel_cancellation,-1.1920928955078125e-07
Deconvolution,0,gini,0.4906689524650574
Deconvolution,1,gini,0.502406656742096
Deconvolution,2,gini,0.49531546235084534
Deconvolution,3,gini,0.48705923557281494
Deconvolution,4,gini,0.49895593523979187
Deconvolution,5,gini,0.48701804876327515
Deconvolution,6,gini,0.48535311222076416
Deconvolution,7,gini,0.4757808446884155
Deconvolution,8,gini,0.4748132526874542
Deconvolution,9,gini,0.4634312093257904
Deconvolution,10,gini,0.5038040280342102
Deconvolution,11,gini,0.4822757840156555
Deconvolution,12,gini,0.4851253926753998
Deconvolution,13,gini,0.4475637674331665
Deconvolution,14,gini,0.4952090382575989
Deconvolution,15,gini,0.4734398126602173
Deconvolution,16,gini,0.49390333890914917
Deconvolution,17,gini,0.4701462686061859
Deconvolution,18,gini,0.4619726836681366
Deconvolution,19,gini,0.47292056679725647
Deconvolution,20,gini,0.5092759132385254
Deconvolution,21,gini,0.513535737991333
Deconvolution,22,gini,0.474347859621048
Deconvolution,23,gini,0.4757126569747925
Deconvolution,24,gini,0.48577219247817993
Deconvolution,25,gini,0.4928022027015686
Deconvolution,26,gini,0.4777132570743561
Deconvolution,27,gini,0.4802558720111847
Deconvolution,28,gini,0.47261399030685425
Deconvolution,29,gini,0.4613916277885437
Deconvolution,30,gini,0.49309465289115906
Deconvolution,31,gini,0.486336350440979
Deconvolution,32,gini,0.5151363015174866
Deconvolution,33,gini,0.4869588017463684
Deconvolution,34,gini,0.49415409564971924
Deconvolution,35,gini,0.47454237937927246
Deconvolution,36,gini,0.4712698459625244
Deconvolution,37,gini,0.4879189729690552
Deconvolution,38,gini,0.4833364188671112
Deconvolution,39,gini,0.4960438013076782
Deconvolution,40,gini,0.5056443214416504
Deconvolution,41,gini,0.5119553804397583
Deconvolution,42,gini,0.4909937381744385
Deconvolution,43,gini,0.4908335506916046
Deconvolution,44,gini,0.490103155374527
Deconvolution,45,gini,0.45398393273353577
Deconvolution,46,gini,0.4845169186592102
Deconvolution,47,gini,0.4778410792350769
Deconvolution,48,gini,0.4970189034938812
Deconvolution,49,gini,0.4944458305835724
Deconvolution,50,gini,0.5155857801437378
Deconvolution,51,gini,0.4922763407230377
Deconvolution,52,gini,0.5002415776252747
Deconvolution,53,gini,0.49550509452819824
Deconvolution,54,gini,0.5063286423683167
Deconvolution,55,gini,0.47493287920951843
Deconvolution,56,gini,0.4758489429950714
Deconvolution,57,gini,0.4596240520477295
Deconvolution,58,gini,0.4573809504508972
Deconvolution,59,gini,0.4823409616947174
Deconvolution,60,gini,0.4987186789512634
Deconvolution,61,gini,0.488597571849823
Deconvolution,62,gini,0.47753143310546875
Deconvolution,63,gini,0.47743287682533264
Deconvolution,0,spatial_entropy,0.9617206454277039
Deconvolution,1,spatial_entropy,0.9598566293716431
Deconvolution,2,spatial_entropy,0.9613098502159119
Deconvolution,3,spatial_entropy,0.9621288180351257
Deconvolution,4,spatial_entropy,0.9602720737457275
Deconvolution,5,spatial_entropy,0.9621955156326294
Deconvolution,6,spatial_entropy,0.9630138874053955
Deconvolution,7,spatial_entropy,0.9643680453300476
Deconvolution,8,spatial_entropy,0.9647566080093384
Deconvolution,9,spatial_entropy,0.9669048190116882
Deconvolution,10,spatial_entropy,0.9595893025398254
Deconvolution,11,spatial_entropy,0.9631458520889282
Deconvolution,12,spatial_entropy,0.9629971385002136
Deconvolution,13,spatial_entropy,0.9686082601547241
Deconvolution,14,spatial_entropy,0.9615066051483154
Deconvolution,15,spatial_entropy,0.9652141332626343
Deconvolution,16,spatial_entropy,0.9612427949905396
Deconvolution,17,spatial_entropy,0.9655728936195374
Deconvolution,18,spatial_entropy,0.9665074944496155
Deconvolution,19,spatial_entropy,0.9654703140258789
Deconvolution,20,spatial_entropy,0.9588493704795837
Deconvolution,21,spatial_entropy,0.9577004909515381
Deconvolution,22,spatial_entropy,0.9649173617362976
Deconvolution,23,spatial_entropy,0.9645330309867859
Deconvolution,24,spatial_entropy,0.9628692269325256
Deconvolution,25,spatial_entropy,0.9613950848579407
Deconvolution,26,spatial_entropy,0.9642469882965088
Deconvolution,27,spatial_entropy,0.9640707969665527
Deconvolution,28,spatial_entropy,0.9651098251342773
Deconvolution,29,spatial_entropy,0.9673799872398376
Deconvolution,30,spatial_entropy,0.9616243839263916
Deconvolution,31,spatial_entropy,0.9625757932662964
Deconvolution,32,spatial_entropy,0.9578495025634766
Deconvolution,33,spatial_entropy,0.9622969031333923
Deconvolution,34,spatial_entropy,0.9614761471748352
Deconvolution,35,spatial_entropy,0.9647206664085388
Deconvolution,36,spatial_entropy,0.9653751850128174
Deconvolution,37,spatial_entropy,0.962363064289093
Deconvolution,38,spatial_entropy,0.9634727835655212
Deconvolution,39,spatial_entropy,0.9608477354049683
Deconvolution,40,spatial_entropy,0.9594690203666687
Deconvolution,41,spatial_entropy,0.9578630328178406
Deconvolution,42,spatial_entropy,0.9617500305175781
Deconvolution,43,spatial_entropy,0.9621593356132507
Deconvolution,44,spatial_entropy,0.9623702764511108
Deconvolution,45,spatial_entropy,0.9681268334388733
Deconvolution,46,spatial_entropy,0.9632697105407715
Deconvolution,47,spatial_entropy,0.9646574258804321
Deconvolution,48,spatial_entropy,0.9606747627258301
Deconvolution,49,spatial_entropy,0.961193323135376
Deconvolution,50,spatial_entropy,0.9580262899398804
Deconvolution,51,spatial_entropy,0.9617390632629395
Deconvolution,52,spatial_entropy,0.9599130153656006
Deconvolution,53,spatial_entropy,0.9607062935829163
Deconvolution,54,spatial_entropy,0.959021806716919
Deconvolution,55,spatial_entropy,0.964429497718811
Deconvolution,56,spatial_entropy,0.9645665884017944
Deconvolution,57,spatial_entropy,0.9674879908561707
Deconvolution,58,spatial_entropy,0.9678921699523926
Deconvolution,59,spatial_entropy,0.9634189605712891
Deconvolution,60,spatial_entropy,0.960600733757019
Deconvolution,61,spatial_entropy,0.9618890285491943
Deconvolution,62,spatial_entropy,0.9640207886695862
Deconvolution,63,spatial_entropy,0.9645339846611023
Deconvolution,0,effective_support,0.6607969403266907
Deconvolution,1,effective_support,0.6475990414619446
Deconvolution,2,effective_support,0.6578654646873474
Deconvolution,3,effective_support,0.663722574710846
Deconvolution,4,effective_support,0.650517463684082
Deconvolution,5,effective_support,0.6642018556594849
Deconvolution,6,effective_support,0.6701114177703857
Deconvolution,7,effective_support,0.6800053119659424
Deconvolution,8,effective_support,0.6828710436820984
Deconvolution,9,effective_support,0.6989342570304871
Deconvolution,10,effective_support,0.6457279920578003
Deconvolution,11,effective_support,0.6710689067840576
Deconvolution,12,effective_support,0.6699897050857544
Deconvolution,13,effective_support,0.7119395136833191
Deconvolution,14,effective_support,0.6592681407928467
Deconvolution,15,effective_support,0.6862609386444092
Deconvolution,16,effective_support,0.6573882102966309
Deconvolution,17,effective_support,0.6889308094978333
Deconvolution,18,effective_support,0.6959348320960999
Deconvolution,19,effective_support,0.688166081905365
Deconvolution,20,effective_support,0.6405773758888245
Deconvolution,21,effective_support,0.6326612830162048
Deconvolution,22,effective_support,0.6840601563453674
Deconvolution,23,effective_support,0.6812204718589783
Deconvolution,24,effective_support,0.6690628528594971
Deconvolution,25,effective_support,0.6584727764129639
Deconvolution,26,effective_support,0.6791145205497742
Deconvolution,27,effective_support,0.6778210401535034
Deconvolution,28,effective_support,0.6854865550994873
Deconvolution,29,effective_support,0.7025380730628967
Deconvolution,30,effective_support,0.6601089239120483
Deconvolution,31,effective_support,0.6669415831565857
Deconvolution,32,effective_support,0.6336825489997864
Deconvolution,33,effective_support,0.6649311780929565
Deconvolution,34,effective_support,0.659050703048706
Deconvolution,35,effective_support,0.6826052665710449
Deconvolution,36,effective_support,0.6874582171440125
Deconvolution,37,effective_support,0.6654077768325806
Deconvolution,38,effective_support,0.6734477281570435
Deconvolution,39,effective_support,0.6545834541320801
Deconvolution,40,effective_support,0.6448881030082703
Deconvolution,41,effective_support,0.633775532245636
Deconvolution,42,effective_support,0.6610071063041687
Deconvolution,43,effective_support,0.6639419794082642
Deconvolution,44,effective_support,0.6654596924781799
Deconvolution,45,effective_support,0.7082397937774658
Deconvolution,46,effective_support,0.6719691753387451
Deconvolution,47,effective_support,0.6821383833885193
Deconvolution,48,effective_support,0.6533591747283936
Deconvolution,49,effective_support,0.6570362448692322
Deconvolution,50,effective_support,0.6348963975906372
Deconvolution,51,effective_support,0.6609288454055786
Deconvolution,52,effective_support,0.6479942798614502
Deconvolution,53,effective_support,0.6535820364952087
Deconvolution,54,effective_support,0.6417738795280457
Deconvolution,55,effective_support,0.680457592010498
Deconvolution,56,effective_support,0.6814677119255066
Deconvolution,57,effective_support,0.7033595442771912
Deconvolution,58,effective_support,0.7064433097839355
Deconvolution,59,effective_support,0.6730557084083557
Deconvolution,60,effective_support,0.6528359055519104
Deconvolution,61,effective_support,0.6620023250579834
Deconvolution,62,effective_support,0.6774541735649109
Deconvolution,63,effective_support,0.6812272071838379
Deconvolution,0,top1pct_mass,0.06421925872564316
Deconvolution,1,top1pct_mass,0.06521785259246826
Deconvolution,2,top1pct_mass,0.06109462305903435
Deconvolution,3,top1pct_mass,0.06536481529474258
Deconvolution,4,top1pct_mass,0.06614217162132263
Deconvolution,5,top1pct_mass,0.06588560342788696
Deconvolution,6,top1pct_mass,0.06008896231651306
Deconvolution,7,top1pct_mass,0.061174582690000534
Deconvolution,8,top1pct_mass,0.05723030865192413
Deconvolution,9,top1pct_mass,0.051454320549964905
Deconvolution,10,top1pct_mass,0.06630642712116241
Deconvolution,11,top1pct_mass,0.06283688545227051
Deconvolution,12,top1pct_mass,0.060160186141729355
Deconvolution,13,top1pct_mass,0.056083787232637405
Deconvolution,14,top1pct_mass,0.059138234704732895
Deconvolution,15,top1pct_mass,0.05422139912843704
Deconvolution,16,top1pct_mass,0.0638359785079956
Deconvolution,17,top1pct_mass,0.05629260465502739
Deconvolution,18,top1pct_mass,0.059087466448545456
Deconvolution,19,top1pct_mass,0.05247867852449417
Deconvolution,20,top1pct_mass,0.06398548930883408
Deconvolution,21,top1pct_mass,0.06872259080410004
Deconvolution,22,top1pct_mass,0.056765779852867126
Deconvolution,23,top1pct_mass,0.05851801112294197
Deconvolution,24,top1pct_mass,0.06069548800587654
Deconvolution,25,top1pct_mass,0.06515217572450638
Deconvolution,26,top1pct_mass,0.0592135526239872
Deconvolution,27,top1pct_mass,0.056839145720005035
Deconvolution,28,top1pct_mass,0.0583895742893219
Deconvolution,29,top1pct_mass,0.04876546561717987
Deconvolution,30,top1pct_mass,0.06198703125119209
Deconvolution,31,top1pct_mass,0.06411781907081604
Deconvolution,32,top1pct_mass,0.06425724923610687
Deconvolution,33,top1pct_mass,0.06464546918869019
Deconvolution,34,top1pct_mass,0.0614028126001358
Deconvolution,35,top1pct_mass,0.05831877887248993
Deconvolution,36,top1pct_mass,0.0566406324505806
Deconvolution,37,top1pct_mass,0.06387203186750412
Deconvolution,38,top1pct_mass,0.056864138692617416
Deconvolution,39,top1pct_mass,0.06463710963726044
Deconvolution,40,top1pct_mass,0.06355860829353333
Deconvolution,41,top1pct_mass,0.06893429905176163
Deconvolution,42,top1pct_mass,0.06364288181066513
Deconvolution,43,top1pct_mass,0.06057501211762428
Deconvolution,44,top1pct_mass,0.0592462532222271
Deconvolution,45,top1pct_mass,0.05196528509259224
Deconvolution,46,top1pct_mass,0.058966848999261856
Deconvolution,47,top1pct_mass,0.0536789745092392
Deconvolution,48,top1pct_mass,0.06541012227535248
Deconvolution,49,top1pct_mass,0.06381524354219437
Deconvolution,50,top1pct_mass,0.0627930760383606
Deconvolution,51,top1pct_mass,0.06209907308220863
Deconvolution,52,top1pct_mass,0.06809303164482117
Deconvolution,53,top1pct_mass,0.06725919991731644
Deconvolution,54,top1pct_mass,0.06736879050731659
Deconvolution,55,top1pct_mass,0.06170906126499176
Deconvolution,56,top1pct_mass,0.0583677738904953
Deconvolution,57,top1pct_mass,0.050055984407663345
Deconvolution,58,top1pct_mass,0.04911968857049942
Deconvolution,59,top1pct_mass,0.0604693703353405
Deconvolution,60,top1pct_mass,0.06295765936374664
Deconvolution,61,top1pct_mass,0.0686110332608223
Deconvolution,62,top1pct_mass,0.060812972486019135
Deconvolution,63,top1pct_mass,0.05582818388938904
Deconvolution,0,top5pct_mass,0.21535314619541168
Deconvolution,1,top5pct_mass,0.2209247350692749
Deconvolution,2,top5pct_mass,0.2124466598033905
Deconvolution,3,top5pct_mass,0.21501995623111725
Deconvolution,4,top5pct_mass,0.22138676047325134
Deconvolution,5,top5pct_mass,0.21358661353588104
Deconvolution,6,top5pct_mass,0.20553195476531982
Deconvolution,7,top5pct_mass,0.197652205824852
Deconvolution,8,top5pct_mass,0.1994817554950714
Deconvolution,9,top5pct_mass,0.18545889854431152
Deconvolution,10,top5pct_mass,0.22109343111515045
Deconvolution,11,top5pct_mass,0.2104780077934265
Deconvolution,12,top5pct_mass,0.20682105422019958
Deconvolution,13,top5pct_mass,0.18581606447696686
Deconvolution,14,top5pct_mass,0.21079619228839874
Deconvolution,15,top5pct_mass,0.19030006229877472
Deconvolution,16,top5pct_mass,0.21705015003681183
Deconvolution,17,top5pct_mass,0.19255246222019196
Deconvolution,18,top5pct_mass,0.195279061794281
Deconvolution,19,top5pct_mass,0.18874529004096985
Deconvolution,20,top5pct_mass,0.22196191549301147
Deconvolution,21,top5pct_mass,0.2297787368297577
Deconvolution,22,top5pct_mass,0.1958068609237671
Deconvolution,23,top5pct_mass,0.199759379029274
Deconvolution,24,top5pct_mass,0.20653694868087769
Deconvolution,25,top5pct_mass,0.2155197113752365
Deconvolution,26,top5pct_mass,0.1989274024963379
Deconvolution,27,top5pct_mass,0.19866979122161865
Deconvolution,28,top5pct_mass,0.19459626078605652
Deconvolution,29,top5pct_mass,0.1811230629682541
Deconvolution,30,top5pct_mass,0.2125687599182129
Deconvolution,31,top5pct_mass,0.2095382809638977
Deconvolution,32,top5pct_mass,0.22587653994560242
Deconvolution,33,top5pct_mass,0.21422114968299866
Deconvolution,34,top5pct_mass,0.2119188904762268
Deconvolution,35,top5pct_mass,0.20063669979572296
Deconvolution,36,top5pct_mass,0.1944606751203537
Deconvolution,37,top5pct_mass,0.20869000256061554
Deconvolution,38,top5pct_mass,0.20307104289531708
Deconvolution,39,top5pct_mass,0.2187751829624176
Deconvolution,40,top5pct_mass,0.22048351168632507
Deconvolution,41,top5pct_mass,0.23122243583202362
Deconvolution,42,top5pct_mass,0.21388208866119385
Deconvolution,43,top5pct_mass,0.20769192278385162
Deconvolution,44,top5pct_mass,0.20505763590335846
Deconvolution,45,top5pct_mass,0.18525011837482452
Deconvolution,46,top5pct_mass,0.20188584923744202
Deconvolution,47,top5pct_mass,0.19257505238056183
Deconvolution,48,top5pct_mass,0.21871820092201233
Deconvolution,49,top5pct_mass,0.21609240770339966
Deconvolution,50,top5pct_mass,0.22153882682323456
Deconvolution,51,top5pct_mass,0.21076898276805878
Deconvolution,52,top5pct_mass,0.22394579648971558
Deconvolution,53,top5pct_mass,0.22084368765354156
Deconvolution,54,top5pct_mass,0.22466902434825897
Deconvolution,55,top5pct_mass,0.2028006613254547
Deconvolution,56,top5pct_mass,0.199644073843956
Deconvolution,57,top5pct_mass,0.17894750833511353
Deconvolution,58,top5pct_mass,0.18016187846660614
Deconvolution,59,top5pct_mass,0.20680490136146545
Deconvolution,60,top5pct_mass,0.21698161959648132
Deconvolution,61,top5pct_mass,0.2123252898454666
Deconvolution,62,top5pct_mass,0.20600736141204834
Deconvolution,63,top5pct_mass,0.19432102143764496
Deconvolution,0,total_variation,0.537010908126831
Deconvolution,1,total_variation,0.5516644716262817
Deconvolution,2,total_variation,0.5307163000106812
Deconvolution,3,total_variation,0.5428282022476196
Deconvolution,4,total_variation,0.545600950717926
Deconvolution,5,total_variation,0.5513722896575928
Deconvolution,6,total_variation,0.5542662143707275
Deconvolution,7,total_variation,0.5527005195617676
Deconvolution,8,total_variation,0.5337610244750977
Deconvolution,9,total_variation,0.5294663310050964
Deconvolution,10,total_variation,0.5598986148834229
Deconvolution,11,total_variation,0.5208887457847595
Deconvolution,12,total_variation,0.5530245304107666
Deconvolution,13,total_variation,0.499911904335022
Deconvolution,14,total_variation,0.5369762182235718
Deconvolution,15,total_variation,0.5584353804588318
Deconvolution,16,total_variation,0.5524630546569824
Deconvolution,17,total_variation,0.5516790151596069
Deconvolution,18,total_variation,0.5201980471611023
Deconvolution,19,total_variation,0.5520782470703125
Deconvolution,20,total_variation,0.5640758275985718
Deconvolution,21,total_variation,0.5621211528778076
Deconvolution,22,total_variation,0.534971296787262
Deconvolution,23,total_variation,0.5494491457939148
Deconvolution,24,total_variation,0.5522561073303223
Deconvolution,25,total_variation,0.5584225654602051
Deconvolution,26,total_variation,0.5471616983413696
Deconvolution,27,total_variation,0.5402421951293945
Deconvolution,28,total_variation,0.5503782629966736
Deconvolution,29,total_variation,0.5446143746376038
Deconvolution,30,total_variation,0.5427730083465576
Deconvolution,31,total_variation,0.5549944043159485
Deconvolution,32,total_variation,0.5467885136604309
Deconvolution,33,total_variation,0.5505540370941162
Deconvolution,34,total_variation,0.5395026206970215
Deconvolution,35,total_variation,0.5288503170013428
Deconvolution,36,total_variation,0.5525315999984741
Deconvolution,37,total_variation,0.5505917072296143
Deconvolution,38,total_variation,0.533039927482605
Deconvolution,39,total_variation,0.5450825691223145
Deconvolution,40,total_variation,0.5506086349487305
Deconvolution,41,total_variation,0.5533578395843506
Deconvolution,42,total_variation,0.5354042649269104
Deconvolution,43,total_variation,0.5549454689025879
Deconvolution,44,total_variation,0.5585543513298035
Deconvolution,45,total_variation,0.5264216661453247
Deconvolution,46,total_variation,0.5494784116744995
Deconvolution,47,total_variation,0.5468181371688843
Deconvolution,48,total_variation,0.5472630858421326
Deconvolution,49,total_variation,0.5496421456336975
Deconvolution,50,total_variation,0.5681963562965393
Deconvolution,51,total_variation,0.5440629720687866
Deconvolution,52,total_variation,0.5416069626808167
Deconvolution,53,total_variation,0.5508939027786255
Deconvolution,54,total_variation,0.5549930334091187
Deconvolution,55,total_variation,0.5555050373077393
Deconvolution,56,total_variation,0.5488388538360596
Deconvolution,57,total_variation,0.550970196723938
Deconvolution,58,total_variation,0.5397261381149292
Deconvolution,59,total_variation,0.5356889963150024
Deconvolution,60,total_variation,0.544638991355896
Deconvolution,61,total_variation,0.5541961193084717
Deconvolution,62,total_variation,0.5359378457069397
Deconvolution,63,total_variation,0.5531104803085327
Deconvolution,0,channel_cancellation,0.04866194725036621
Deconvolution,1,channel_cancellation,0.04916226863861084
Deconvolution,2,channel_cancellation,0.06342154741287231
Deconvolution,3,channel_cancellation,0.042046189308166504
Deconvolution,4,channel_cancellation,0.04279202222824097
Deconvolution,5,channel_cancellation,0.028453707695007324
Deconvolution,6,channel_cancellation,0.03211092948913574
Deconvolution,7,channel_cancellation,0.023948073387145996
Deconvolution,8,channel_cancellation,0.040755629539489746
Deconvolution,9,channel_cancellation,0.03451669216156006
Deconvolution,10,channel_cancellation,0.03155243396759033
Deconvolution,11,channel_cancellation,0.042704761028289795
Deconvolution,12,channel_cancellation,0.03664356470108032
Deconvolution,13,channel_cancellation,0.0239829421043396
Deconvolution,14,channel_cancellation,0.056896209716796875
Deconvolution,15,channel_cancellation,0.022755861282348633
Deconvolution,16,channel_cancellation,0.04421013593673706
Deconvolution,17,channel_cancellation,0.02255117893218994
Deconvolution,18,channel_cancellation,0.044836223125457764
Deconvolution,19,channel_cancellation,0.024311602115631104
Deconvolution,20,channel_cancellation,0.03490769863128662
Deconvolution,21,channel_cancellation,0.03447139263153076
Deconvolution,22,channel_cancellation,0.042765259742736816
Deconvolution,23,channel_cancellation,0.03052431344985962
Deconvolution,24,channel_cancellation,0.032295167446136475
Deconvolution,25,channel_cancellation,0.02926039695739746
Deconvolution,26,channel_cancellation,0.03247195482254028
Deconvolution,27,channel_cancellation,0.043286800384521484
Deconvolution,28,channel_cancellation,0.024861037731170654
Deconvolution,29,channel_cancellation,0.02300858497619629
Deconvolution,30,channel_cancellation,0.043974459171295166
Deconvolution,31,channel_cancellation,0.02933603525161743
Deconvolution,32,channel_cancellation,0.04769235849380493
Deconvolution,33,channel_cancellation,0.04437410831451416
Deconvolution,34,channel_cancellation,0.046739280223846436
Deconvolution,35,channel_cancellation,0.04957634210586548
Deconvolution,36,channel_cancellation,0.032009243965148926
Deconvolution,37,channel_cancellation,0.028786182403564453
Deconvolution,38,channel_cancellation,0.05456960201263428
Deconvolution,39,channel_cancellation,0.04631304740905762
Deconvolution,40,channel_cancellation,0.04244506359100342
Deconvolution,41,channel_cancellation,0.047619521617889404
Deconvolution,42,channel_cancellation,0.04663050174713135
Deconvolution,43,channel_cancellation,0.03297632932662964
Deconvolution,44,channel_cancellation,0.0306016206741333
Deconvolution,45,channel_cancellation,0.03167736530303955
Deconvolution,46,channel_cancellation,0.02770000696182251
Deconvolution,47,channel_cancellation,0.03449511528015137
Deconvolution,48,channel_cancellation,0.039176225662231445
Deconvolution,49,channel_cancellation,0.03861844539642334
Deconvolution,50,channel_cancellation,0.03094106912612915
Deconvolution,51,channel_cancellation,0.042286574840545654
Deconvolution,52,channel_cancellation,0.04619717597961426
Deconvolution,53,channel_cancellation,0.043514132499694824
Deconvolution,54,channel_cancellation,0.03912997245788574
Deconvolution,55,channel_cancellation,0.02263575792312622
Deconvolution,56,channel_cancellation,0.03144991397857666
Deconvolution,57,channel_cancellation,0.023127853870391846
Deconvolution,58,channel_cancellation,0.02515268325805664
Deconvolution,59,channel_cancellation,0.0517619252204895
Deconvolution,60,channel_cancellation,0.041548073291778564
Deconvolution,61,channel_cancellation,0.027904808521270752
Deconvolution,62,channel_cancellation,0.03636044263839722
Deconvolution,63,channel_cancellation,0.03576153516769409
GuidedGradCam,0,gini,0.8896026611328125
GuidedGradCam,1,gini,0.7923714518547058
GuidedGradCam,2,gini,0.8196072578430176
GuidedGradCam,3,gini,0.8681948781013489
GuidedGradCam,4,gini,0.745195209980011
GuidedGradCam,5,gini,0.8680054545402527
GuidedGradCam,6,gini,0.8980643153190613
GuidedGradCam,7,gini,0.9401503801345825
GuidedGradCam,8,gini,0.8233849406242371
GuidedGradCam,9,gini,0.8821874260902405
GuidedGradCam,10,gini,0.7869853377342224
GuidedGradCam,11,gini,0.7322043776512146
GuidedGradCam,12,gini,0.9227136969566345
GuidedGradCam,13,gini,0.89394611120224
GuidedGradCam,14,gini,0.8556734323501587
GuidedGradCam,15,gini,0.9510478377342224
GuidedGradCam,16,gini,0.880805253982544
GuidedGradCam,17,gini,0.8453348875045776
GuidedGradCam,18,gini,0.8242613077163696
GuidedGradCam,19,gini,0.8634238243103027
GuidedGradCam,20,gini,0.8860852122306824
GuidedGradCam,21,gini,0.8272440433502197
GuidedGradCam,22,gini,0.8765415549278259
GuidedGradCam,23,gini,0.7812151312828064
GuidedGradCam,24,gini,0.9014229774475098
GuidedGradCam,25,gini,0.9197914004325867
GuidedGradCam,26,gini,0.7008071541786194
GuidedGradCam,27,gini,0.7156203985214233
GuidedGradCam,28,gini,0.8043143153190613
GuidedGradCam,29,gini,0.8368034958839417
GuidedGradCam,30,gini,0.7299959659576416
GuidedGradCam,31,gini,0.7685227990150452
GuidedGradCam,32,gini,0.7781269550323486
GuidedGradCam,33,gini,0.9350588917732239
GuidedGradCam,34,gini,0.7796359062194824
GuidedGradCam,35,gini,0.737606406211853
GuidedGradCam,36,gini,0.7664984464645386
GuidedGradCam,37,gini,0.8544663786888123
GuidedGradCam,38,gini,0.7041593790054321
GuidedGradCam,39,gini,0.8761616349220276
GuidedGradCam,40,gini,0.7235064506530762
GuidedGradCam,41,gini,0.6916360855102539
GuidedGradCam,42,gini,0.612516462802887
GuidedGradCam,43,gini,0.9286481738090515
GuidedGradCam,44,gini,0.818218469619751
GuidedGradCam,45,gini,0.9109206795692444
GuidedGradCam,46,gini,0.8731431365013123
GuidedGradCam,47,gini,0.780802845954895
GuidedGradCam,48,gini,0.8005048036575317
GuidedGradCam,49,gini,0.7940967082977295
GuidedGradCam,50,gini,0.8968600630760193
GuidedGradCam,51,gini,0.8123542666435242
GuidedGradCam,52,gini,0.8736245036125183
GuidedGradCam,53,gini,0.8602422475814819
GuidedGradCam,54,gini,0.8333995938301086
GuidedGradCam,55,gini,0.926993727684021
GuidedGradCam,56,gini,0.890511155128479
GuidedGradCam,57,gini,0.8835052251815796
GuidedGradCam,58,gini,0.8435133099555969
GuidedGradCam,59,gini,0.8038772344589233
GuidedGradCam,60,gini,0.7883087396621704
GuidedGradCam,61,gini,0.8519112467765808
GuidedGradCam,62,gini,0.8471289873123169
GuidedGradCam,63,gini,0.8889424800872803
GuidedGradCam,0,spatial_entropy,0.8164533972740173
GuidedGradCam,1,spatial_entropy,0.8751310110092163
GuidedGradCam,2,spatial_entropy,0.8592914938926697
GuidedGradCam,3,spatial_entropy,0.8373785018920898
GuidedGradCam,4,spatial_entropy,0.8986960053443909
GuidedGradCam,5,spatial_entropy,0.8247401118278503
GuidedGradCam,6,spatial_entropy,0.809310257434845
GuidedGradCam,7,spatial_entropy,0.7569137811660767
GuidedGradCam,8,spatial_entropy,0.8648307919502258
GuidedGradCam,9,spatial_entropy,0.8248830437660217
GuidedGradCam,10,spatial_entropy,0.8805816769599915
GuidedGradCam,11,spatial_entropy,0.9028982520103455
GuidedGradCam,12,spatial_entropy,0.7715917825698853
GuidedGradCam,13,spatial_entropy,0.8177108764648438
GuidedGradCam,14,spatial_entropy,0.8408972024917603
GuidedGradCam,15,spatial_entropy,0.739923894405365
GuidedGradCam,16,spatial_entropy,0.8248661756515503
GuidedGradCam,17,spatial_entropy,0.8433682918548584
GuidedGradCam,18,spatial_entropy,0.8614508509635925
GuidedGradCam,19,spatial_entropy,0.839484453201294
GuidedGradCam,20,spatial_entropy,0.8086912035942078
GuidedGradCam,21,spatial_entropy,0.8502870798110962
GuidedGradCam,22,spatial_entropy,0.8288172483444214
GuidedGradCam,23,spatial_entropy,0.8798470497131348
GuidedGradCam,24,spatial_entropy,0.7887158393859863
GuidedGradCam,25,spatial_entropy,0.7803290486335754
GuidedGradCam,26,spatial_entropy,0.914212167263031
GuidedGradCam,27,spatial_entropy,0.9027693867683411
GuidedGradCam,28,spatial_entropy,0.8690850138664246
GuidedGradCam,29,spatial_entropy,0.854365885257721
GuidedGradCam,30,spatial_entropy,0.9003763794898987
GuidedGradCam,31,spatial_entropy,0.888824999332428
GuidedGradCam,32,spatial_entropy,0.8769818544387817
GuidedGradCam,33,spatial_entropy,0.7611838579177856
GuidedGradCam,34,spatial_entropy,0.8623660206794739
GuidedGradCam,35,spatial_entropy,0.9011476635932922
GuidedGradCam,36,spatial_entropy,0.8875899314880371
GuidedGradCam,37,spatial_entropy,0.8390294909477234
GuidedGradCam,38,spatial_entropy,0.9125438332557678
GuidedGradCam,39,spatial_entropy,0.823650598526001
GuidedGradCam,40,spatial_entropy,0.9054512977600098
GuidedGradCam,41,spatial_entropy,0.9150063991546631
GuidedGradCam,42,spatial_entropy,0.935900092124939
GuidedGradCam,43,spatial_entropy,0.7727347612380981
GuidedGradCam,44,spatial_entropy,0.8662950396537781
GuidedGradCam,45,spatial_entropy,0.795240581035614
GuidedGradCam,46,spatial_entropy,0.8212635517120361
GuidedGradCam,47,spatial_entropy,0.8816329836845398
GuidedGradCam,48,spatial_entropy,0.8740834593772888
GuidedGradCam,49,spatial_entropy,0.876692533493042
GuidedGradCam,50,spatial_entropy,0.80925053358078
GuidedGradCam,51,spatial_entropy,0.864152729511261
GuidedGradCam,52,spatial_entropy,0.8319255709648132
GuidedGradCam,53,spatial_entropy,0.8269930481910706
GuidedGradCam,54,spatial_entropy,0.855134129524231
GuidedGradCam,55,spatial_entropy,0.7801545262336731
GuidedGradCam,56,spatial_entropy,0.8137332797050476
GuidedGradCam,57,spatial_entropy,0.823847234249115
GuidedGradCam,58,spatial_entropy,0.8519363403320312
GuidedGradCam,59,spatial_entropy,0.8737147450447083
GuidedGradCam,60,spatial_entropy,0.8769280314445496
GuidedGradCam,61,spatial_entropy,0.8428605794906616
GuidedGradCam,62,spatial_entropy,0.8465002179145813
GuidedGradCam,63,spatial_entropy,0.8198979496955872
GuidedGradCam,0,effective_support,0.1371639370918274
GuidedGradCam,1,effective_support,0.25885337591171265
GuidedGradCam,2,effective_support,0.21807214617729187
GuidedGradCam,3,effective_support,0.17202766239643097
GuidedGradCam,4,effective_support,0.3340572118759155
GuidedGradCam,5,effective_support,0.15003465116024017
GuidedGradCam,6,effective_support,0.12695905566215515
GuidedGradCam,7,effective_support,0.07200689613819122
GuidedGradCam,8,effective_support,0.23154619336128235
GuidedGradCam,9,effective_support,0.15026691555976868
GuidedGradCam,10,effective_support,0.2745836675167084
GuidedGradCam,11,effective_support,0.3496018350124359
GuidedGradCam,12,effective_support,0.08440496772527695
GuidedGradCam,13,effective_support,0.13904350996017456
GuidedGradCam,14,effective_support,0.17870545387268066
GuidedGradCam,15,effective_support,0.05991191789507866
GuidedGradCam,16,effective_support,0.150239497423172
GuidedGradCam,17,effective_support,0.18354950845241547
GuidedGradCam,18,effective_support,0.22322885692119598
GuidedGradCam,19,effective_support,0.17599374055862427
GuidedGradCam,20,effective_support,0.12611123919487
GuidedGradCam,21,effective_support,0.1978221982717514
GuidedGradCam,22,effective_support,0.1568036526441574
GuidedGradCam,23,effective_support,0.2724091410636902
GuidedGradCam,24,effective_support,0.10159202665090561
GuidedGradCam,25,effective_support,0.09277638792991638
GuidedGradCam,26,effective_support,0.3951433598995209
GuidedGradCam,27,effective_support,0.3491145670413971
GuidedGradCam,28,effective_support,0.24245688319206238
GuidedGradCam,29,effective_support,0.20675091445446014
GuidedGradCam,30,effective_support,0.34018856287002563
GuidedGradCam,31,effective_support,0.3002080023288727
GuidedGradCam,32,effective_support,0.26409104466438293
GuidedGradCam,33,effective_support,0.07541289925575256
GuidedGradCam,34,effective_support,0.22545094788074493
GuidedGradCam,35,effective_support,0.34304019808769226
GuidedGradCam,36,effective_support,0.29622167348861694
GuidedGradCam,37,effective_support,0.1751292645931244
GuidedGradCam,38,effective_support,0.38807234168052673
GuidedGradCam,39,effective_support,0.14827580749988556
GuidedGradCam,40,effective_support,0.35939672589302063
GuidedGradCam,41,effective_support,0.3985547125339508
GuidedGradCam,42,effective_support,0.4996877908706665
GuidedGradCam,43,effective_support,0.08545564860105515
GuidedGradCam,44,effective_support,0.23524504899978638
GuidedGradCam,45,effective_support,0.10902576893568039
GuidedGradCam,46,effective_support,0.14449411630630493
GuidedGradCam,47,effective_support,0.27772587537765503
GuidedGradCam,48,effective_support,0.25593507289886475
GuidedGradCam,49,effective_support,0.26326537132263184
GuidedGradCam,50,effective_support,0.12687700986862183
GuidedGradCam,51,effective_support,0.22985312342643738
GuidedGradCam,52,effective_support,0.16216860711574554
GuidedGradCam,53,effective_support,0.1537381261587143
GuidedGradCam,54,effective_support,0.2084772288799286
GuidedGradCam,55,effective_support,0.09260133653879166
GuidedGradCam,56,effective_support,0.13318461179733276
GuidedGradCam,57,effective_support,0.1485917568206787
GuidedGradCam,58,effective_support,0.20138517022132874
GuidedGradCam,59,effective_support,0.2549157440662384
GuidedGradCam,60,effective_support,0.2639372944831848
GuidedGradCam,61,effective_support,0.18254363536834717
GuidedGradCam,62,effective_support,0.18987813591957092
GuidedGradCam,63,effective_support,0.14237408339977264
GuidedGradCam,0,top1pct_mass,0.28634944558143616
GuidedGradCam,1,top1pct_mass,0.1930919885635376
GuidedGradCam,2,top1pct_mass,0.21920058131217957
GuidedGradCam,3,top1pct_mass,0.21646350622177124
GuidedGradCam,4,top1pct_mass,0.13217538595199585
GuidedGradCam,5,top1pct_mass,0.3038170635700226
GuidedGradCam,6,top1pct_mass,0.29525917768478394
GuidedGradCam,7,top1pct_mass,0.4330613911151886
GuidedGradCam,8,top1pct_mass,0.17248550057411194
GuidedGradCam,9,top1pct_mass,0.25812792778015137
GuidedGradCam,10,top1pct_mass,0.16410905122756958
GuidedGradCam,11,top1pct_mass,0.12829679250717163
GuidedGradCam,12,top1pct_mass,0.4220144748687744
GuidedGradCam,13,top1pct_mass,0.25060898065567017
GuidedGradCam,14,top1pct_mass,0.2491561621427536
GuidedGradCam,15,top1pct_mass,0.4642428457736969
GuidedGradCam,16,top1pct_mass,0.2546842098236084
GuidedGradCam,17,top1pct_mass,0.25778698921203613
GuidedGradCam,18,top1pct_mass,0.19673320651054382
GuidedGradCam,19,top1pct_mass,0.22559967637062073
GuidedGradCam,20,top1pct_mass,0.3224685788154602
GuidedGradCam,21,top1pct_mass,0.25405973196029663
GuidedGradCam,22,top1pct_mass,0.25190678238868713
GuidedGradCam,23,top1pct_mass,0.1909489780664444
GuidedGradCam,24,top1pct_mass,0.4117845296859741
GuidedGradCam,25,top1pct_mass,0.37632840871810913
GuidedGradCam,26,top1pct_mass,0.1075730100274086
GuidedGradCam,27,top1pct_mass,0.16724877059459686
GuidedGradCam,28,top1pct_mass,0.2051587998867035
GuidedGradCam,29,top1pct_mass,0.2155625820159912
GuidedGradCam,30,top1pct_mass,0.15476270020008087
GuidedGradCam,31,top1pct_mass,0.14768142998218536
GuidedGradCam,32,top1pct_mass,0.2099045217037201
GuidedGradCam,33,top1pct_mass,0.4075920283794403
GuidedGradCam,34,top1pct_mass,0.29018810391426086
GuidedGradCam,35,top1pct_mass,0.1304197609424591
GuidedGradCam,36,top1pct_mass,0.16679763793945312
GuidedGradCam,37,top1pct_mass,0.2595221698284149
GuidedGradCam,38,top1pct_mass,0.1167725995182991
GuidedGradCam,39,top1pct_mass,0.2848241329193115
GuidedGradCam,40,top1pct_mass,0.12671954929828644
GuidedGradCam,41,top1pct_mass,0.12437205016613007
GuidedGradCam,42,top1pct_mass,0.10405383259057999
GuidedGradCam,43,top1pct_mass,0.3948127329349518
GuidedGradCam,44,top1pct_mass,0.181549072265625
GuidedGradCam,45,top1pct_mass,0.3208877146244049
GuidedGradCam,46,top1pct_mass,0.3226562440395355
GuidedGradCam,47,top1pct_mass,0.17450228333473206
GuidedGradCam,48,top1pct_mass,0.17613178491592407
GuidedGradCam,49,top1pct_mass,0.17561709880828857
GuidedGradCam,50,top1pct_mass,0.3026045858860016
GuidedGradCam,51,top1pct_mass,0.2099156379699707
GuidedGradCam,52,top1pct_mass,0.22914794087409973
GuidedGradCam,53,top1pct_mass,0.30985403060913086
GuidedGradCam,54,top1pct_mass,0.21329224109649658
GuidedGradCam,55,top1pct_mass,0.34351491928100586
GuidedGradCam,56,top1pct_mass,0.293793648481369
GuidedGradCam,57,top1pct_mass,0.25627726316452026
GuidedGradCam,58,top1pct_mass,0.20756638050079346
GuidedGradCam,59,top1pct_mass,0.16970905661582947
GuidedGradCam,60,top1pct_mass,0.19067852199077606
GuidedGradCam,61,top1pct_mass,0.2438320517539978
GuidedGradCam,62,top1pct_mass,0.23419305682182312
GuidedGradCam,63,top1pct_mass,0.255637526512146
GuidedGradCam,0,top5pct_mass,0.6333680152893066
GuidedGradCam,1,top5pct_mass,0.4786067605018616
GuidedGradCam,2,top5pct_mass,0.5430786609649658
GuidedGradCam,3,top5pct_mass,0.5597224235534668
GuidedGradCam,4,top5pct_mass,0.3833102583885193
GuidedGradCam,5,top5pct_mass,0.6414289474487305
GuidedGradCam,6,top5pct_mass,0.6709895133972168
GuidedGradCam,7,top5pct_mass,0.8136696815490723
GuidedGradCam,8,top5pct_mass,0.47197407484054565
GuidedGradCam,9,top5pct_mass,0.6112174987792969
GuidedGradCam,10,top5pct_mass,0.44362494349479675
GuidedGradCam,11,top5pct_mass,0.3791854977607727
GuidedGradCam,12,top5pct_mass,0.7893139719963074
GuidedGradCam,13,top5pct_mass,0.6304939985275269
GuidedGradCam,14,top5pct_mass,0.576475203037262
GuidedGradCam,15,top5pct_mass,0.857315719127655
GuidedGradCam,16,top5pct_mass,0.6368587017059326
GuidedGradCam,17,top5pct_mass,0.5906912684440613
GuidedGradCam,18,top5pct_mass,0.4882851839065552
GuidedGradCam,19,top5pct_mass,0.5694417953491211
GuidedGradCam,20,top5pct_mass,0.7094541788101196
GuidedGradCam,21,top5pct_mass,0.5512484908103943
GuidedGradCam,22,top5pct_mass,0.6076419353485107
GuidedGradCam,23,top5pct_mass,0.45848530530929565
GuidedGradCam,24,top5pct_mass,0.7311776280403137
GuidedGradCam,25,top5pct_mass,0.7619850635528564
GuidedGradCam,26,top5pct_mass,0.33225342631340027
GuidedGradCam,27,top5pct_mass,0.4118227958679199
GuidedGradCam,28,top5pct_mass,0.49642452597618103
GuidedGradCam,29,top5pct_mass,0.531807005405426
GuidedGradCam,30,top5pct_mass,0.4082190990447998
GuidedGradCam,31,top5pct_mass,0.4323481321334839
GuidedGradCam,32,top5pct_mass,0.47929561138153076
GuidedGradCam,33,top5pct_mass,0.8206061720848083
GuidedGradCam,34,top5pct_mass,0.5369315147399902
GuidedGradCam,35,top5pct_mass,0.37380313873291016
GuidedGradCam,36,top5pct_mass,0.43178439140319824
GuidedGradCam,37,top5pct_mass,0.5609186887741089
GuidedGradCam,38,top5pct_mass,0.34958890080451965
GuidedGradCam,39,top5pct_mass,0.6396157741546631
GuidedGradCam,40,top5pct_mass,0.3679444193840027
GuidedGradCam,41,top5pct_mass,0.35261479020118713
GuidedGradCam,42,top5pct_mass,0.3029426038265228
GuidedGradCam,43,top5pct_mass,0.7683221101760864
GuidedGradCam,44,top5pct_mass,0.48352712392807007
GuidedGradCam,45,top5pct_mass,0.7304303050041199
GuidedGradCam,46,top5pct_mass,0.6386892795562744
GuidedGradCam,47,top5pct_mass,0.4605918526649475
GuidedGradCam,48,top5pct_mass,0.4776827394962311
GuidedGradCam,49,top5pct_mass,0.4671016335487366
GuidedGradCam,50,top5pct_mass,0.6731349229812622
GuidedGradCam,51,top5pct_mass,0.4896143078804016
GuidedGradCam,52,top5pct_mass,0.5923147201538086
GuidedGradCam,53,top5pct_mass,0.6397591233253479
GuidedGradCam,54,top5pct_mass,0.5484061241149902
GuidedGradCam,55,top5pct_mass,0.7524774074554443
GuidedGradCam,56,top5pct_mass,0.6683239936828613
GuidedGradCam,57,top5pct_mass,0.6230973601341248
GuidedGradCam,58,top5pct_mass,0.5204810500144958
GuidedGradCam,59,top5pct_mass,0.4561590254306793
GuidedGradCam,60,top5pct_mass,0.47029930353164673
GuidedGradCam,61,top5pct_mass,0.5514777302742004
GuidedGradCam,62,top5pct_mass,0.5544453859329224
GuidedGradCam,63,top5pct_mass,0.6193645596504211
GuidedGradCam,0,total_variation,0.6274818181991577
GuidedGradCam,1,total_variation,0.6630865335464478
GuidedGradCam,2,total_variation,0.5951948165893555
GuidedGradCam,3,total_variation,0.6659305095672607
GuidedGradCam,4,total_variation,0.676054835319519
GuidedGradCam,5,total_variation,0.6827073097229004
GuidedGradCam,6,total_variation,0.6507192850112915
GuidedGradCam,7,total_variation,0.7084271311759949
GuidedGradCam,8,total_variation,0.6032657623291016
GuidedGradCam,9,total_variation,0.7234412431716919
GuidedGradCam,10,total_variation,0.705194890499115
GuidedGradCam,11,total_variation,0.6475391983985901
GuidedGradCam,12,total_variation,0.6099607944488525
GuidedGradCam,13,total_variation,0.6831902265548706
GuidedGradCam,14,total_variation,0.6618860363960266
GuidedGradCam,15,total_variation,0.6705161333084106
GuidedGradCam,16,total_variation,0.6703943014144897
GuidedGradCam,17,total_variation,0.6101469993591309
GuidedGradCam,18,total_variation,0.671291172504425
GuidedGradCam,19,total_variation,0.7178184390068054
GuidedGradCam,20,total_variation,0.6906246542930603
GuidedGradCam,21,total_variation,0.7048970460891724
GuidedGradCam,22,total_variation,0.7387946844100952
GuidedGradCam,23,total_variation,0.6825681924819946
GuidedGradCam,24,total_variation,0.6410677433013916
GuidedGradCam,25,total_variation,0.6814792156219482
GuidedGradCam,26,total_variation,0.6569934487342834
GuidedGradCam,27,total_variation,0.6542636156082153
GuidedGradCam,28,total_variation,0.6516858339309692
GuidedGradCam,29,total_variation,0.5960167646408081
GuidedGradCam,30,total_variation,0.6191549301147461
GuidedGradCam,31,total_variation,0.760892927646637
GuidedGradCam,32,total_variation,0.6437962651252747
GuidedGradCam,33,total_variation,0.710482120513916
GuidedGradCam,34,total_variation,0.6608619689941406
GuidedGradCam,35,total_variation,0.6637942790985107
GuidedGradCam,36,total_variation,0.6658342480659485
GuidedGradCam,37,total_variation,0.7125964760780334
GuidedGradCam,38,total_variation,0.6410748958587646
GuidedGradCam,39,total_variation,0.6410812139511108
GuidedGradCam,40,total_variation,0.733313798904419
GuidedGradCam,41,total_variation,0.6548654437065125
GuidedGradCam,42,total_variation,0.6286248564720154
GuidedGradCam,43,total_variation,0.6486073732376099
GuidedGradCam,44,total_variation,0.6974566578865051
GuidedGradCam,45,total_variation,0.6168583631515503
GuidedGradCam,46,total_variation,0.7138928771018982
GuidedGradCam,47,total_variation,0.6352463364601135
GuidedGradCam,48,total_variation,0.6178355813026428
GuidedGradCam,49,total_variation,0.7115270495414734
GuidedGradCam,50,total_variation,0.7486259937286377
GuidedGradCam,51,total_variation,0.6773526072502136
GuidedGradCam,52,total_variation,0.6268985867500305
GuidedGradCam,53,total_variation,0.7014108896255493
GuidedGradCam,54,total_variation,0.6449407339096069
GuidedGradCam,55,total_variation,0.7568750977516174
GuidedGradCam,56,total_variation,0.6931643486022949
GuidedGradCam,57,total_variation,0.6669071912765503
GuidedGradCam,58,total_variation,0.6959394216537476
GuidedGradCam,59,total_variation,0.6097677946090698
GuidedGradCam,60,total_variation,0.6876846551895142
GuidedGradCam,61,total_variation,0.5971255302429199
GuidedGradCam,62,total_variation,0.6643889546394348
GuidedGradCam,63,total_variation,0.6480709314346313
GuidedGradCam,0,channel_cancellation,0.13910377025604248
GuidedGradCam,1,channel_cancellation,0.11019635200500488
GuidedGradCam,2,channel_cancellation,0.17610609531402588
GuidedGradCam,3,channel_cancellation,0.08090192079544067
GuidedGradCam,4,channel_cancellation,0.06576591730117798
GuidedGradCam,5,channel_cancellation,0.050557613372802734
GuidedGradCam,6,channel_cancellation,0.11065953969955444
GuidedGradCam,7,channel_cancellation,0.054463982582092285
GuidedGradCam,8,channel_cancellation,0.1195104718208313
GuidedGradCam,9,channel_cancellation,0.06254255771636963
GuidedGradCam,10,channel_cancellation,0.027523040771484375
GuidedGradCam,11,channel_cancellation,0.0970427393913269
GuidedGradCam,12,channel_cancellation,0.1475556492805481
GuidedGradCam,13,channel_cancellation,0.08416831493377686
GuidedGradCam,14,channel_cancellation,0.07397079467773438
GuidedGradCam,15,channel_cancellation,0.05945497751235962
GuidedGradCam,16,channel_cancellation,0.11045467853546143
GuidedGradCam,17,channel_cancellation,0.12374424934387207
GuidedGradCam,18,channel_cancellation,0.09656214714050293
GuidedGradCam,19,channel_cancellation,0.04472482204437256
GuidedGradCam,20,channel_cancellation,0.0168074369430542
GuidedGradCam,21,channel_cancellation,0.015847504138946533
GuidedGradCam,22,channel_cancellation,0.06418687105178833
GuidedGradCam,23,channel_cancellation,0.026823222637176514
GuidedGradCam,24,channel_cancellation,0.11856728792190552
GuidedGradCam,25,channel_cancellation,0.09633946418762207
GuidedGradCam,26,channel_cancellation,0.07098627090454102
GuidedGradCam,27,channel_cancellation,0.07392388582229614
GuidedGradCam,28,channel_cancellation,0.09035134315490723
GuidedGradCam,29,channel_cancellation,0.15916913747787476
GuidedGradCam,30,channel_cancellation,0.08839750289916992
GuidedGradCam,31,channel_cancellation,0.021782219409942627
GuidedGradCam,32,channel_cancellation,0.0918613076210022
GuidedGradCam,33,channel_cancellation,0.0536152720451355
GuidedGradCam,34,channel_cancellation,0.08805716037750244
GuidedGradCam,35,channel_cancellation,0.09995371103286743
GuidedGradCam,36,channel_cancellation,0.10128521919250488
GuidedGradCam,37,channel_cancellation,0.05406630039215088
GuidedGradCam,38,channel_cancellation,0.12191468477249146
GuidedGradCam,39,channel_cancellation,0.1136394739151001
GuidedGradCam,40,channel_cancellation,0.04838162660598755
GuidedGradCam,41,channel_cancellation,0.07973206043243408
GuidedGradCam,42,channel_cancellation,0.08015531301498413
GuidedGradCam,43,channel_cancellation,0.09410423040390015
GuidedGradCam,44,channel_cancellation,0.06334108114242554
GuidedGradCam,45,channel_cancellation,0.1082640290260315
GuidedGradCam,46,channel_cancellation,0.02900099754333496
GuidedGradCam,47,channel_cancellation,0.08753609657287598
GuidedGradCam,48,channel_cancellation,0.10311615467071533
GuidedGradCam,49,channel_cancellation,0.027408897876739502
GuidedGradCam,50,channel_cancellation,0.021192550659179688
GuidedGradCam,51,channel_cancellation,0.038862526416778564
GuidedGradCam,52,channel_cancellation,0.12296813726425171
GuidedGradCam,53,channel_cancellation,0.06945550441741943
GuidedGradCam,54,channel_cancellation,0.1306619644165039
GuidedGradCam,55,channel_cancellation,0.017073392868041992
GuidedGradCam,56,channel_cancellation,0.05077314376831055
GuidedGradCam,57,channel_cancellation,0.08083522319793701
GuidedGradCam,58,channel_cancellation,0.06403762102127075
GuidedGradCam,59,channel_cancellation,0.1256992220878601
GuidedGradCam,60,channel_cancellation,0.07216238975524902
GuidedGradCam,61,channel_cancellation,0.04802054166793823
GuidedGradCam,62,channel_cancellation,0.11226147413253784
GuidedGradCam,63,channel_cancellation,0.13588440418243408
DeepLift,0,gini,0.6167922616004944
DeepLift,1,gini,0.5907615423202515
DeepLift,2,gini,0.5578433275222778
DeepLift,3,gini,0.5451158285140991
DeepLift,4,gini,0.5156862139701843
DeepLift,5,gini,0.6091057062149048
DeepLift,6,gini,0.6571129560470581
DeepLift,7,gini,0.780128002166748
DeepLift,8,gini,0.5767447352409363
DeepLift,9,gini,0.632380485534668
DeepLift,10,gini,0.5210886001586914
DeepLift,11,gini,0.5616857409477234
DeepLift,12,gini,0.6387432217597961
DeepLift,13,gini,0.5237681865692139
DeepLift,14,gini,0.536058247089386
DeepLift,15,gini,0.8025537729263306
DeepLift,16,gini,0.610687255859375
DeepLift,17,gini,0.6494247317314148
DeepLift,18,gini,0.5540135502815247
DeepLift,19,gini,0.633802592754364
DeepLift,20,gini,0.6347469091415405
DeepLift,21,gini,0.6297981142997742
DeepLift,22,gini,0.5564114451408386
DeepLift,23,gini,0.6160556077957153
DeepLift,24,gini,0.6372336149215698
DeepLift,25,gini,0.6377323865890503
DeepLift,26,gini,0.5549193024635315
DeepLift,27,gini,0.5317744612693787
DeepLift,28,gini,0.524845540523529
DeepLift,29,gini,0.49865975975990295
DeepLift,30,gini,0.5066694617271423
DeepLift,31,gini,0.5627552270889282
DeepLift,32,gini,0.5275726914405823
DeepLift,33,gini,0.6601046919822693
DeepLift,34,gini,0.5197377800941467
DeepLift,35,gini,0.5095585584640503
DeepLift,36,gini,0.5664446353912354
DeepLift,37,gini,0.605199933052063
DeepLift,38,gini,0.5342669486999512
DeepLift,39,gini,0.6049050688743591
DeepLift,40,gini,0.5302028656005859
DeepLift,41,gini,0.546777606010437
DeepLift,42,gini,0.5270394086837769
DeepLift,43,gini,0.6636313796043396
DeepLift,44,gini,0.576879620552063
DeepLift,45,gini,0.5145643353462219
DeepLift,46,gini,0.5523003935813904
DeepLift,47,gini,0.5509343147277832
DeepLift,48,gini,0.5861659049987793
DeepLift,49,gini,0.5499906539916992
DeepLift,50,gini,0.5598717331886292
DeepLift,51,gini,0.5508233904838562
DeepLift,52,gini,0.6392835378646851
DeepLift,53,gini,0.5740765333175659
DeepLift,54,gini,0.6173996329307556
DeepLift,55,gini,0.5487938523292542
DeepLift,56,gini,0.5518597960472107
DeepLift,57,gini,0.6077723503112793
DeepLift,58,gini,0.6220272183418274
DeepLift,59,gini,0.5896656513214111
DeepLift,60,gini,0.5384455323219299
DeepLift,61,gini,0.49789419770240784
DeepLift,62,gini,0.5492832660675049
DeepLift,63,gini,0.5941718220710754
DeepLift,0,spatial_entropy,0.9336772561073303
DeepLift,1,spatial_entropy,0.9387677907943726
DeepLift,2,spatial_entropy,0.9477595686912537
DeepLift,3,spatial_entropy,0.9505121111869812
DeepLift,4,spatial_entropy,0.9568631649017334
DeepLift,5,spatial_entropy,0.935506284236908
DeepLift,6,spatial_entropy,0.9170762896537781
DeepLift,7,spatial_entropy,0.8728205561637878
DeepLift,8,spatial_entropy,0.9433941841125488
DeepLift,9,spatial_entropy,0.9269201159477234
DeepLift,10,spatial_entropy,0.9561852812767029
DeepLift,11,spatial_entropy,0.9469358921051025
DeepLift,12,spatial_entropy,0.9254248738288879
DeepLift,13,spatial_entropy,0.9522873163223267
DeepLift,14,spatial_entropy,0.9481154084205627
DeepLift,15,spatial_entropy,0.8689990043640137
DeepLift,16,spatial_entropy,0.935324490070343
DeepLift,17,spatial_entropy,0.9202197790145874
DeepLift,18,spatial_entropy,0.9452483654022217
DeepLift,19,spatial_entropy,0.932084321975708
DeepLift,20,spatial_entropy,0.9275080561637878
DeepLift,21,spatial_entropy,0.9334996342658997
DeepLift,22,spatial_entropy,0.9456365704536438
DeepLift,23,spatial_entropy,0.9341399073600769
DeepLift,24,spatial_entropy,0.9255567193031311
DeepLift,25,spatial_entropy,0.9254088401794434
DeepLift,26,spatial_entropy,0.949194610118866
DeepLift,27,spatial_entropy,0.953157365322113
DeepLift,28,spatial_entropy,0.9552582502365112
DeepLift,29,spatial_entropy,0.9598174691200256
DeepLift,30,spatial_entropy,0.9587085247039795
DeepLift,31,spatial_entropy,0.9471799731254578
DeepLift,32,spatial_entropy,0.9539253115653992
DeepLift,33,spatial_entropy,0.9154691100120544
DeepLift,34,spatial_entropy,0.9555492997169495
DeepLift,35,spatial_entropy,0.9577757716178894
DeepLift,36,spatial_entropy,0.9464419484138489
DeepLift,37,spatial_entropy,0.9336061477661133
DeepLift,38,spatial_entropy,0.9517278671264648
DeepLift,39,spatial_entropy,0.936150312423706
DeepLift,40,spatial_entropy,0.9521416425704956
DeepLift,41,spatial_entropy,0.9504256844520569
DeepLift,42,spatial_entropy,0.9533179998397827
DeepLift,43,spatial_entropy,0.9112737774848938
DeepLift,44,spatial_entropy,0.9447367191314697
DeepLift,45,spatial_entropy,0.957085371017456
DeepLift,46,spatial_entropy,0.9491916298866272
DeepLift,47,spatial_entropy,0.9485007524490356
DeepLift,48,spatial_entropy,0.9398742318153381
DeepLift,49,spatial_entropy,0.9497764110565186
DeepLift,50,spatial_entropy,0.9459226727485657
DeepLift,51,spatial_entropy,0.9480328559875488
DeepLift,52,spatial_entropy,0.9256807565689087
DeepLift,53,spatial_entropy,0.9453054070472717
DeepLift,54,spatial_entropy,0.9316306710243225
DeepLift,55,spatial_entropy,0.9490766525268555
DeepLift,56,spatial_entropy,0.9467852115631104
DeepLift,57,spatial_entropy,0.9364921450614929
DeepLift,58,spatial_entropy,0.9305216670036316
DeepLift,59,spatial_entropy,0.9375321865081787
DeepLift,60,spatial_entropy,0.9512323141098022
DeepLift,61,spatial_entropy,0.9596549868583679
DeepLift,62,spatial_entropy,0.9475598335266113
DeepLift,63,spatial_entropy,0.9387062788009644
DeepLift,0,effective_support,0.48780950903892517
DeepLift,1,effective_support,0.5154401063919067
DeepLift,2,effective_support,0.5681250691413879
DeepLift,3,effective_support,0.5853050351142883
DeepLift,4,effective_support,0.6269538998603821
DeepLift,5,effective_support,0.497562438249588
DeepLift,6,effective_support,0.40758436918258667
DeepLift,7,effective_support,0.2524605095386505
DeepLift,8,effective_support,0.5419067740440369
DeepLift,9,effective_support,0.4534071683883667
DeepLift,10,effective_support,0.6223704814910889
DeepLift,11,effective_support,0.5630828738212585
DeepLift,12,effective_support,0.4461284875869751
DeepLift,13,effective_support,0.5966596603393555
DeepLift,14,effective_support,0.5703176259994507
DeepLift,15,effective_support,0.2422313094139099
DeepLift,16,effective_support,0.4965842366218567
DeepLift,17,effective_support,0.4216901957988739
DeepLift,18,effective_support,0.5528918504714966
DeepLift,19,effective_support,0.47947120666503906
DeepLift,20,effective_support,0.4563014805316925
DeepLift,21,effective_support,0.48687270283699036
DeepLift,22,effective_support,0.5552197098731995
DeepLift,23,effective_support,0.49025827646255493
DeepLift,24,effective_support,0.446765661239624
DeepLift,25,effective_support,0.4460509419441223
DeepLift,26,effective_support,0.5770182609558105
DeepLift,27,effective_support,0.602304995059967
DeepLift,28,effective_support,0.6161572933197021
DeepLift,29,effective_support,0.6473246812820435
DeepLift,30,effective_support,0.6396016478538513
DeepLift,31,effective_support,0.5645725727081299
DeepLift,32,effective_support,0.6073317527770996
DeepLift,33,effective_support,0.40055567026138306
DeepLift,34,effective_support,0.618101179599762
DeepLift,35,effective_support,0.6331771612167358
DeepLift,36,effective_support,0.5600807666778564
DeepLift,37,effective_support,0.4874342978000641
DeepLift,38,effective_support,0.5930576920509338
DeepLift,39,effective_support,0.501042902469635
DeepLift,40,effective_support,0.5957196950912476
DeepLift,41,effective_support,0.5847578048706055
DeepLift,42,effective_support,0.6033530235290527
DeepLift,43,effective_support,0.38277432322502136
DeepLift,44,effective_support,0.5498386025428772
DeepLift,45,effective_support,0.6284634470939636
DeepLift,46,effective_support,0.5769996047019958
DeepLift,47,effective_support,0.572701096534729
DeepLift,48,effective_support,0.5216497778892517
DeepLift,49,effective_support,0.5806632041931152
DeepLift,50,effective_support,0.5569418668746948
DeepLift,51,effective_support,0.5698081254959106
DeepLift,52,effective_support,0.44736558198928833
DeepLift,53,effective_support,0.55323326587677
DeepLift,54,effective_support,0.4771229922771454
DeepLift,55,effective_support,0.5762817859649658
DeepLift,56,effective_support,0.562165379524231
DeepLift,57,effective_support,0.5029001235961914
DeepLift,58,effective_support,0.47143030166625977
DeepLift,59,effective_support,0.5085927844047546
DeepLift,60,effective_support,0.5898852944374084
DeepLift,61,effective_support,0.6461874842643738
DeepLift,62,effective_support,0.5668982863426208
DeepLift,63,effective_support,0.5150970816612244
DeepLift,0,top1pct_mass,0.11142987757921219
DeepLift,1,top1pct_mass,0.11353808641433716
DeepLift,2,top1pct_mass,0.09078884869813919
DeepLift,3,top1pct_mass,0.0878608226776123
DeepLift,4,top1pct_mass,0.07530095428228378
DeepLift,5,top1pct_mass,0.11037328094244003
DeepLift,6,top1pct_mass,0.15986990928649902
DeepLift,7,top1pct_mass,0.2204117476940155
DeepLift,8,top1pct_mass,0.09993202984333038
DeepLift,9,top1pct_mass,0.1386846899986267
DeepLift,10,top1pct_mass,0.07307692617177963
DeepLift,11,top1pct_mass,0.09198255836963654
DeepLift,12,top1pct_mass,0.13689877092838287
DeepLift,13,top1pct_mass,0.09864861518144608
DeepLift,14,top1pct_mass,0.11431266367435455
DeepLift,15,top1pct_mass,0.20001408457756042
DeepLift,16,top1pct_mass,0.1104295551776886
DeepLift,17,top1pct_mass,0.1538483202457428
DeepLift,18,top1pct_mass,0.11177285015583038
DeepLift,19,top1pct_mass,0.09961485862731934
DeepLift,20,top1pct_mass,0.12850482761859894
DeepLift,21,top1pct_mass,0.09354934841394424
DeepLift,22,top1pct_mass,0.10822080075740814
DeepLift,23,top1pct_mass,0.11211782693862915
DeepLift,24,top1pct_mass,0.1377740055322647
DeepLift,25,top1pct_mass,0.13467785716056824
DeepLift,26,top1pct_mass,0.08514352142810822
DeepLift,27,top1pct_mass,0.08426499366760254
DeepLift,28,top1pct_mass,0.07595206052064896
DeepLift,29,top1pct_mass,0.07297983020544052
DeepLift,30,top1pct_mass,0.0706622451543808
DeepLift,31,top1pct_mass,0.09033818542957306
DeepLift,32,top1pct_mass,0.08346150070428848
DeepLift,33,top1pct_mass,0.169001042842865
DeepLift,34,top1pct_mass,0.08149294555187225
DeepLift,35,top1pct_mass,0.0748855471611023
DeepLift,36,top1pct_mass,0.09024330973625183
DeepLift,37,top1pct_mass,0.12475317716598511
DeepLift,38,top1pct_mass,0.09178933501243591
DeepLift,39,top1pct_mass,0.11257355660200119
DeepLift,40,top1pct_mass,0.09437490254640579
DeepLift,41,top1pct_mass,0.08601071685552597
DeepLift,42,top1pct_mass,0.08965196460485458
DeepLift,43,top1pct_mass,0.18238002061843872
DeepLift,44,top1pct_mass,0.08794943243265152
DeepLift,45,top1pct_mass,0.07441116124391556
DeepLift,46,top1pct_mass,0.08843454718589783
DeepLift,47,top1pct_mass,0.09407411515712738
DeepLift,48,top1pct_mass,0.11096900701522827
DeepLift,49,top1pct_mass,0.0870109498500824
DeepLift,50,top1pct_mass,0.10169238597154617
DeepLift,51,top1pct_mass,0.09801580756902695
DeepLift,52,top1pct_mass,0.13191772997379303
DeepLift,53,top1pct_mass,0.08886681497097015
DeepLift,54,top1pct_mass,0.12443935126066208
DeepLift,55,top1pct_mass,0.09324715286493301
DeepLift,56,top1pct_mass,0.10466788709163666
DeepLift,57,top1pct_mass,0.10685201734304428
DeepLift,58,top1pct_mass,0.12352738529443741
DeepLift,59,top1pct_mass,0.11971720308065414
DeepLift,60,top1pct_mass,0.09126140922307968
DeepLift,61,top1pct_mass,0.0751224085688591
DeepLift,62,top1pct_mass,0.10169201344251633
DeepLift,63,top1pct_mass,0.10573016852140427
DeepLift,0,top5pct_mass,0.3188631236553192
DeepLift,1,top5pct_mass,0.30802974104881287
DeepLift,2,top5pct_mass,0.2721022069454193
DeepLift,3,top5pct_mass,0.259044349193573
DeepLift,4,top5pct_mass,0.2326119989156723
DeepLift,5,top5pct_mass,0.31560656428337097
DeepLift,6,top5pct_mass,0.3961448669433594
DeepLift,7,top5pct_mass,0.5172706842422485
DeepLift,8,top5pct_mass,0.2834055423736572
DeepLift,9,top5pct_mass,0.34766334295272827
DeepLift,10,top5pct_mass,0.22722706198692322
DeepLift,11,top5pct_mass,0.2758282423019409
DeepLift,12,top5pct_mass,0.3545648157596588
DeepLift,13,top5pct_mass,0.2680935263633728
DeepLift,14,top5pct_mass,0.2852622866630554
DeepLift,15,top5pct_mass,0.50882488489151
DeepLift,16,top5pct_mass,0.30862754583358765
DeepLift,17,top5pct_mass,0.37611228227615356
DeepLift,18,top5pct_mass,0.2997283637523651
DeepLift,19,top5pct_mass,0.299434095621109
DeepLift,20,top5pct_mass,0.34167295694351196
DeepLift,21,top5pct_mass,0.2932119369506836
DeepLift,22,top5pct_mass,0.29008522629737854
DeepLift,23,top5pct_mass,0.30430975556373596
DeepLift,24,top5pct_mass,0.3593047559261322
DeepLift,25,top5pct_mass,0.359709769487381
DeepLift,26,top5pct_mass,0.2595428228378296
DeepLift,27,top5pct_mass,0.2523189187049866
DeepLift,28,top5pct_mass,0.24133820831775665
DeepLift,29,top5pct_mass,0.22473591566085815
DeepLift,30,top5pct_mass,0.22819679975509644
DeepLift,31,top5pct_mass,0.2676953971385956
DeepLift,32,top5pct_mass,0.24921663105487823
DeepLift,33,top5pct_mass,0.3922880291938782
DeepLift,34,top5pct_mass,0.24135589599609375
DeepLift,35,top5pct_mass,0.23306280374526978
DeepLift,36,top5pct_mass,0.2705896496772766
DeepLift,37,top5pct_mass,0.32996267080307007
DeepLift,38,top5pct_mass,0.26173320412635803
DeepLift,39,top5pct_mass,0.31168025732040405
DeepLift,40,top5pct_mass,0.2616994082927704
DeepLift,41,top5pct_mass,0.25876888632774353
DeepLift,42,top5pct_mass,0.2558830678462982
DeepLift,43,top5pct_mass,0.41790953278541565
DeepLift,44,top5pct_mass,0.27365076541900635
DeepLift,45,top5pct_mass,0.23356331884860992
DeepLift,46,top5pct_mass,0.25842174887657166
DeepLift,47,top5pct_mass,0.26553991436958313
DeepLift,48,top5pct_mass,0.3005926311016083
DeepLift,49,top5pct_mass,0.2623535990715027
DeepLift,50,top5pct_mass,0.2861359417438507
DeepLift,51,top5pct_mass,0.2791549265384674
DeepLift,52,top5pct_mass,0.3538772463798523
DeepLift,53,top5pct_mass,0.27013784646987915
DeepLift,54,top5pct_mass,0.3329297602176666
DeepLift,55,top5pct_mass,0.27066418528556824
DeepLift,56,top5pct_mass,0.2871077358722687
DeepLift,57,top5pct_mass,0.3021887540817261
DeepLift,58,top5pct_mass,0.33927202224731445
DeepLift,59,top5pct_mass,0.3239794969558716
DeepLift,60,top5pct_mass,0.25763535499572754
DeepLift,61,top5pct_mass,0.22949586808681488
DeepLift,62,top5pct_mass,0.28456300497055054
DeepLift,63,top5pct_mass,0.3076019585132599
DeepLift,0,total_variation,0.6562142372131348
DeepLift,1,total_variation,0.6287763714790344
DeepLift,2,total_variation,0.6573796272277832
DeepLift,3,total_variation,0.6585155129432678
DeepLift,4,total_variation,0.6782516241073608
DeepLift,5,total_variation,0.6272884607315063
DeepLift,6,total_variation,0.631029486656189
DeepLift,7,total_variation,0.6467313766479492
DeepLift,8,total_variation,0.6268267631530762
DeepLift,9,total_variation,0.640457272529602
DeepLift,10,total_variation,0.6446100473403931
DeepLift,11,total_variation,0.6780651807785034
DeepLift,12,total_variation,0.6793094277381897
DeepLift,13,total_variation,0.6009445190429688
DeepLift,14,total_variation,0.6533010601997375
DeepLift,15,total_variation,0.639931321144104
DeepLift,16,total_variation,0.6423540711402893
DeepLift,17,total_variation,0.6667321920394897
DeepLift,18,total_variation,0.6576625108718872
DeepLift,19,total_variation,0.6360056400299072
DeepLift,20,total_variation,0.6542342305183411
DeepLift,21,total_variation,0.6670440435409546
DeepLift,22,total_variation,0.6525720357894897
DeepLift,23,total_variation,0.6415754556655884
DeepLift,24,total_variation,0.641499936580658
DeepLift,25,total_variation,0.6266993284225464
DeepLift,26,total_variation,0.6682823300361633
DeepLift,27,total_variation,0.629540205001831
DeepLift,28,total_variation,0.6535049080848694
DeepLift,29,total_variation,0.6305347681045532
DeepLift,30,total_variation,0.6295186281204224
DeepLift,31,total_variation,0.6487605571746826
DeepLift,32,total_variation,0.6401234269142151
DeepLift,33,total_variation,0.6457452178001404
DeepLift,34,total_variation,0.6319389939308167
DeepLift,35,total_variation,0.6369007229804993
DeepLift,36,total_variation,0.630448043346405
DeepLift,37,total_variation,0.6387368440628052
DeepLift,38,total_variation,0.6460441946983337
DeepLift,39,total_variation,0.640566349029541
DeepLift,40,total_variation,0.6540908813476562
DeepLift,41,total_variation,0.629784107208252
DeepLift,42,total_variation,0.6642181873321533
DeepLift,43,total_variation,0.6227918863296509
DeepLift,44,total_variation,0.6375659704208374
DeepLift,45,total_variation,0.6590299010276794
DeepLift,46,total_variation,0.6469762921333313
DeepLift,47,total_variation,0.629381537437439
DeepLift,48,total_variation,0.645668625831604
DeepLift,49,total_variation,0.65162193775177
DeepLift,50,total_variation,0.6558250784873962
DeepLift,51,total_variation,0.6472986936569214
DeepLift,52,total_variation,0.6515164971351624
DeepLift,53,total_variation,0.6376613974571228
DeepLift,54,total_variation,0.6692301034927368
DeepLift,55,total_variation,0.6683252453804016
DeepLift,56,total_variation,0.6358355283737183
DeepLift,57,total_variation,0.644180178642273
DeepLift,58,total_variation,0.6513895392417908
DeepLift,59,total_variation,0.677427351474762
DeepLift,60,total_variation,0.636703610420227
DeepLift,61,total_variation,0.6473487615585327
DeepLift,62,total_variation,0.6417450904846191
DeepLift,63,total_variation,0.6207123398780823
DeepLift,0,channel_cancellation,0.216744065284729
DeepLift,1,channel_cancellation,0.19840902090072632
DeepLift,2,channel_cancellation,0.24767935276031494
DeepLift,3,channel_cancellation,0.1537500023841858
DeepLift,4,channel_cancellation,0.15030533075332642
DeepLift,5,channel_cancellation,0.16412657499313354
DeepLift,6,channel_cancellation,0.22452235221862793
DeepLift,7,channel_cancellation,0.15171808004379272
DeepLift,8,channel_cancellation,0.16404485702514648
DeepLift,9,channel_cancellation,0.13322389125823975
DeepLift,10,channel_cancellation,0.13075709342956543
DeepLift,11,channel_cancellation,0.13885927200317383
DeepLift,12,channel_cancellation,0.15075534582138062
DeepLift,13,channel_cancellation,0.2355746626853943
DeepLift,14,channel_cancellation,0.1549941897392273
DeepLift,15,channel_cancellation,0.1635534167289734
DeepLift,16,channel_cancellation,0.23766273260116577
DeepLift,17,channel_cancellation,0.19269883632659912
DeepLift,18,channel_cancellation,0.12710928916931152
DeepLift,19,channel_cancellation,0.16089284420013428
DeepLift,20,channel_cancellation,0.16319894790649414
DeepLift,21,channel_cancellation,0.13352060317993164
DeepLift,22,channel_cancellation,0.14913898706436157
DeepLift,23,channel_cancellation,0.15940463542938232
DeepLift,24,channel_cancellation,0.17441517114639282
DeepLift,25,channel_cancellation,0.1873708963394165
DeepLift,26,channel_cancellation,0.169636070728302
DeepLift,27,channel_cancellation,0.18397796154022217
DeepLift,28,channel_cancellation,0.11497396230697632
DeepLift,29,channel_cancellation,0.16510123014450073
DeepLift,30,channel_cancellation,0.1724931001663208
DeepLift,31,channel_cancellation,0.12539911270141602
DeepLift,32,channel_cancellation,0.169938325881958
DeepLift,33,channel_cancellation,0.16613948345184326
DeepLift,34,channel_cancellation,0.1459413766860962
DeepLift,35,channel_cancellation,0.22619736194610596
DeepLift,36,channel_cancellation,0.1774786114692688
DeepLift,37,channel_cancellation,0.142084538936615
DeepLift,38,channel_cancellation,0.26916682720184326
DeepLift,39,channel_cancellation,0.14250564575195312
DeepLift,40,channel_cancellation,0.1908407211303711
DeepLift,41,channel_cancellation,0.17410755157470703
DeepLift,42,channel_cancellation,0.1740376353263855
DeepLift,43,channel_cancellation,0.19863826036453247
DeepLift,44,channel_cancellation,0.15554726123809814
DeepLift,45,channel_cancellation,0.11968326568603516
DeepLift,46,channel_cancellation,0.15676945447921753
DeepLift,47,channel_cancellation,0.15672028064727783
DeepLift,48,channel_cancellation,0.17728155851364136
DeepLift,49,channel_cancellation,0.1815924048423767
DeepLift,50,channel_cancellation,0.14194166660308838
DeepLift,51,channel_cancellation,0.14463108777999878
DeepLift,52,channel_cancellation,0.1723952293395996
DeepLift,53,channel_cancellation,0.1578540802001953
DeepLift,54,channel_cancellation,0.18908464908599854
DeepLift,55,channel_cancellation,0.12823259830474854
DeepLift,56,channel_cancellation,0.172041118144989
DeepLift,57,channel_cancellation,0.13365614414215088
DeepLift,58,channel_cancellation,0.11810523271560669
DeepLift,59,channel_cancellation,0.11709809303283691
DeepLift,60,channel_cancellation,0.18471568822860718
DeepLift,61,channel_cancellation,0.11848801374435425
DeepLift,62,channel_cancellation,0.12795662879943848
DeepLift,63,channel_cancellation,0.2792772054672241
